index_redacao,prompt,title,essay,c1,c2,c3,c4,c5,score
66,26,Valores invertidos,"['Cogita-se, com muita frequência que a valorização do professor está em falta no Brasil. Devido à inversão de valores e a carência de uma boa política.', 'Em consequência disso, vê-se todo instante noticiários sobre o desprezo ao professor, seja em questão salarial, que é precária, como também em desrespeito constante da parte de alguns alunos.', 'Na sociedade brasileira a educação está se perdendo aos poucos, e o governo, por sua vez, acaba contribuindo para isso, não dando o apoio financeiro necessário para a evolução dos estudos.', 'Por outro lado, a população coopera para a desvalorização dos professores quando deposita um destaque superior a profissões de entretenimento ao invés das que são essenciais para a vida de um ser humano.', 'Levando-se em consideração esses aspectos, conclui-se que os cidadãos brasileiros, de forma geral, precisam de uma mudança ética e moral em relação à educação. É necessário uma reforma na política com leis que reconheçam o verdadeiro valor de um professor.']",80,120,80,120,120,520
729,51,Analfabetismo funcional mais uma variante do contexto educacional,"['A análise do analfabetismo funcional no contexto brasileiro faz parte do próprio processo evolutivo por qual passa a educação, já que inicialmente buscava-se a oferta de um ensino gratuito que ganhou grande destaque com a publicação do manifesto dos pioneiros da educação, em 1930. Posteriormente, houve toda uma preocupação de estender essa gratuidade para outras modalidades, além do primário. Em seguida, procurou-se garantir o acesso da população a este ensino, de maneira que na década de 1970 o poder público inciou um movimento de alfabetização voltado principalmente para aqueles que não tiveram oportunidade de estudar na faixa etária certa.', 'O objetivo nesse período era que uma parte significativa da população aprendesse a ler e a escrever. Desse modo, o poder público lançou mão do método de alfabetização de Paulo Freire, procurando adequá-lo a política pública educacional que se instalara. Na época, parte dessa ação foi alcançada, mas por outro lado devemos compreender que esse processo estava atrelado aos acordos internacionais firmados pelo Brasil para melhorar as condições da educação básica.', 'Essa busca tem se processado até os dias atuais, já não tanto sob o argumento do acesso, mas da qualidade da educação a ser ofertada. Nesse aspecto, a alfabetização vem a ser uma das variáveis responsável por esse alcance, mas quando sua oferta não permite a capacidade mínima para que o sujeito interprete textos simples, seu atendimento torna-se algo preocupante, especialmente se sua realização for mais direcionada para o atingimento de índices educacionais.', 'Diante disso, as políticas que envolvem sua elaboração e planejamento devem ser repensadas, pois a sua execução não deve ser feita aligeiramente e suas ações devem ser realizadas de forma estrutural, focando na formação de profissionais alfabetizadores, bem como conjuntural instigando o contato da população com os diversos gêneros textuais por meio de rodas de leitura e também pela introdução do cinema como instrumento para potencializar esse processo . Acredita-se que essas atitudes possam minimizar o problema do analfabetismo funcional na sociedade, garantindo ao sujeito o desenvolvimento de habilidades interpretativas para ler o mundo.']",160,160,160,160,120,760
54,0,Apropriação Cultural e o Racismo Velado,"['No que se refere, a A apropriação cultural é um problema que está relacionado ao racismo. Dentre outras fatores, destaca-se um grave problema, que é a pessoa não ter vivido os preconceitos raciais e ainda não conhecer a cultura de que está apropriando-se se apropriando no Carnaval.', 'Certamente, a apropriação cultural no Carnaval é um preconceito racial velado, pois a pessoa afirma não está estar cometendo racismo. Usar cocar no Carnaval é ignorar o fato de muitos indígenas terem sido caçados e mortos no começo do Brasil e ainda serem mortos até hoje.', 'Além disso, o problema de uma pessoa está estar usando pinturas corporais, cocares e roupas indígenas como uma fantasia carnavalesca, sem mesmo conhecer a história daquela cultura. Apropriação cultural é um ato de caçoar com o do passado daquele povo, pois você não conhece a origem daquela cultura e os costumes delas dela.', 'Dessa forma, percebe-se a falta de conhecimento cultural que o próprio povo brasileiro tem de outras culturas nacionais e internacionais. São necessárias políticas públicas, do ministério da educação Ministério da Educação, para maiores acesso acessos a escolas com maiores conhecimento conhecimentos culturais do nosso próprio país e de outros. Assim Assim, teremos mais respeitos respeito com nossas várias culturas brasileiras e mundiais internacionais.']",80,120,80,80,80,440
365,59,,"['Enquanto a palavra fome nos dias atuais está sendo usada mais no sentido metafórico, significando um desejo ou ambição, não devemos  ignorar o seu sentido literal, privação de alimentos, que ainda é um dos maiores problemas da atualidade.', 'Um dos agravantes desse problema é a má distribuição de renda, principalmente nos países pobres e subdesenvolvidos, pois enquanto uma pequena parcela da população vive no luxo, ostentando refeições que valem mais do que um salário mínimo, uma boa parcela não consegue fazer mais do que duas refeições por dia, tampouco suprir as necessidades básicas de calorias para uma vida saudável.', 'Antigamente o maior obstáculo em relação a fome era não haver produção de alimentos suficientes para toda a população , mas com os avanços tecnológicos e científicos, a produção de alimentos hoje é mais do que suficiente para acabar com a fome no mundo.', 'Entretanto, como a taxa de desemprego continua a crescer em países como o Brasil, uma parcela da população se vê obrigada a sacrificar alimentos saudáveis por uma maior quantidade de alimentos prejudiciais à saúde se consumidos com frequência, por serem mais baratos.', 'Tendo em vista isto, cabe aos órgãos competentes do governo reduzir impostos nos alimentos de origem natural, tornando-os mais acessíveis à população com baixa renda, bem como auxiliar financeiramente pessoas em situação de extrema pobreza, além de implantar programas de capacitação profissional e inserção no mercado de trabalho para estas pessoas. Ademais, também promover campanhas e palestras sobre alimentação saudável.']",120,120,120,120,120,600
385,81,Os fatos da realidade religiosa no Brasil,"['A religiosidade no Brasil, que é um país laico, apresenta certas intolerâncias por parte da sociedade. Algumas religiões têm desafeto por outras, no entanto, é necessário o respeito por cada crença devido a  laicidade do Estado.', 'Cada religião tem suas características próprias, como rituais e atos periódicos. Com a posição do Estado brasileiro sobre as crenças, a necessidade de elaborar leis que combatem crimes contra o sentimento religioso foram positivas, porém, ainda não deixou de existir as discriminações. Entre crenças e descrenças, há religiões que combatem outras violentamente, como no caso registrado em que se atiraram uma pedra contra umbandistas, gerando repercussões.', 'Por outro lado, o país esta  longe de possuir religiões extremistas, como o Estado Islâmico e o Boko Haram, que empregam atos terroristas diante de quem é contra ou não segue o Islamismo, e além disso vêm ocupando territórios no Oriente Médio e na África algo desumano e que é intolerante.', 'Diante dos fatos mencionados, o Governo brasileiro deve criar um órgão que reúna as mais diversas crenças existentes, com um representante de cada, com o intuito de gerar entre elas uma relação harmônica, onde haja respeito e humanidade, a fim de combater as intolerâncias.']",120,120,120,120,120,600
186,54,,"['A partir de tempos remotos as doenças tem causado grandes tragédias para a civilização. Contudo com muita força de vontade os cientistas, descobriram uma maneira de amenizar esses problemas com as vacinas. Com ela reduziu consideravelmente os casos de infecções, bactérias e vírus contagiosos onde as pessoas ficavam até isoladas de outras para não passarem as doenças . Mas com suas reações que podem levar a falência com seus efeitos colaterais, ou as teorias das conspirações sobre as vacinas diminuíram-se a coragem de um indivíduo fazer a sua aplicação.', 'A aplicação de vacinas pode causar a morte ou outros problemas relacionados, se no caso o sistema imunitário dessa pessoa for baixo, ou seu corpo reagir de uma forma bem inesperada, raro, mas que pode ocorrer como nos caso de a cada 10.000 pessoas que tomam a vacina, apenas 2 podem ter alguma reação onde isso pode levar a óbito.', 'Para mais, com a chegada das diversas informações pela internet, com o crescimento desenfreado da tecnologia onde existem muitas fakes news, acabam aparecendo conspirações em todas as regiões, onde faz a cabeça da população para não tomar as vacinas , afirmando que os maiores governos do mundo estão deixando as pessoas pouco a pouco doentes, controlando as pessoas ou fazendo controle de natalidade, há até famosos que apóiam algumas teorias.', 'Logo, há diversos locais inseguros no país obriga o indivíduo de se vacinar antes de trabalhar na região, pois os riscos são altos de ser contaminado. O que o ministério da saúde precisa fazer é, avançar mais em estudos para que descubram meios para diminuir os efeitos colaterais o máximo possível , entender os casos de reações e extingui-los mesmo com tantas opiniões negativas, elas possuem muita importância trazendo maiores chances de sobrevivência, de trazer mais longevidade. , e a quanto aos boatos é necessário que as pessoas confiem mais em si mesmas, e que consiga enxergar os pontos positivos de sua utilização, aproveitando que é grátis e que exista meios de fiscalizar esses boatos e trazer respostas verdadeiras ao público.']",120,120,80,120,40,480
755,47,Educação a distância e suas desigualdades,"['No ano de 2020, o Brasil se viu diante de uma pandemia (Covid-19), onde  todas as pessoas tiveram que adotar novos hábitos de vida, assim, ccomo a forma de estudar e dar aula, que passou a ser EaD (ensino a distância) o que causou muitas dificuldades para a população brasileira.', 'Em primeiro lugar, cabe abordar a desigualdade social, da qual milhares de jovens não têm acesso à internet e muitas vezes nem ao celular ou computador, outro óbice é que muitos educadores não sabem utilizar o meio tecnológico, o que advém em estresse e desmotivação.', 'Contudo, tendo em vista que a educação a distância no Brasil não é uma realidade para todos, em uma pesquisa feita em 2018 pelo IBGE , mostra que uma em cada quatro pessoas no Brasil não têm acesso à internet, sendo assim fica nítido o favorecimento à classe média/alta e a inferiorização da classe baixa, como: periferias e favelas, o que causa a indignação do povo, pois tal medida deveria ser administrada com mais competência dos órgãos educacionais e públicos, fazendo a plataforma EaD acessível para toda população brasileira.', 'Portanto, são necessárias medidas eficazes para resolver este impasse. O MEC juntamente com o Ministério Público deve colocar em prática o projeto ""Internet para todos"" que promete disponibilizar internet para todo o Brasil , e por meio de doações do Governo Federal ser comprado Chromebooks para aqueles jovens que não têm nenhum meio tecnológico em casa, já para os professores o governo deve disponibilizar na plataforma digital ""YouTube"" vídeos ensinando a como usar as ferramentas tecnológicas para o EaD. Dessa forma, toda a população brasileira terá acesso ao ensino a distância com uma boa qualidade.']",160,160,120,160,160,760
977,86,anny,"['‘’A mídia controla a massa. A atribuição de George Orwell representa claramente a problemática dos impactos do uso das redes sociais na saúde mental da sociedade brasileira, uma vez que é justamente o poder que a internet tem sobre a vida pessoal da sociedade que a cristaliza. Assim, torna-se evidente que a origem dessa vicissitude está nos padrões impostos pela sociedade. Não só a mentalidade capitalista como a globalização aprofundam essa situação.', 'A priori, o modelo capitalista, conduzido por estereótipos, alicerça essa questão. Isso ocorre porque ao longo da história criou-se modelos a serem seguidos, como a boneca Barbie que foi inspiração para jovens do mundo todo, e com a inter-relação do mundo através de, principalmente, as redes sociais esses padrões que valorizam uma imagem física perfeita foram disseminados. Logo, vale ressaltar que os ‘’influencers’’, em prol de lucro, compartilham momentos pessoais através de canais de comunicação e, consequentemente, a realização de procedimentos cirúrgicos, como a Lipolad, e mistificam a elevação da autoestima através do corpo perfeito. Assim, é evidente a desvalorização psicológica no Brasil, o qual, segundo a Organização Mundial de Saúde, está entre os 10 países com mais casos de suicídio.', 'Ademais, convém frisar que com o avanço tecnológico presente no mundo globalizado há a formação do idealismo. Nesse panorama, com a ‘’cultura do cancelamento’’ no Brasil, a idealização de comportamentos são enfatizadas por usuários de redes sociais (como Twitter, Facebook e Instagram) onde os mesmos atacam, principalmente, atrizes e cantores ao achar que o comportamento é inadequado. Um exemplo disso, ocorreu com Luíza Sonza, cantora, após o término de casamento, que foi cancelada após o início de um novo namoro . Com isso, a afirmação do ex-primeiro ministro inglês Benjamin ‘’a ignorância nunca resolve uma questão’’, critica a falta de empatia das pessoas, visto que o ato de padronizar comportamento fere a saúde mental alheia.', 'Infere-se, portanto, que medidas são necessárias para atenuar os impactos provocados pelo uso das redes sociais na saúde mental da população brasileira. Faz-se necessário que o Ministério das Comunicações  com apoio do Ministério da saúde, a partir da indústria midiática, crie um plano de apoio nas redes sociais e no mesmo ressalte a importância da singularidade e os meios de apoio psicológico gratuito pré-existentes em prol de diminuir a incidência de problemas na saúde mental gerados pela falta de autoaceitação. Outrossim, o Ministério da educação, nas redes de ensino, trabalhe o uso adequado das redes sociais, a fim de, contrariamente ao pensamento de Orwell, a mídia não controle a população.']",160,200,160,200,200,920
1031,86,Impactos do uso das redes sociais na saúde mental,"['Dentro os inúmeros motivos que levaram a ciências constatar que as redes sociais atinge com muita consistência a saúde mental do indivíduo ,foi o aumento da depressão e ansiedade entre os jovens  . Tento em vista que os impactos não escolhem classes sociais.', 'Tudo que é usado em demasia , causa um dano físico ou mental ,as redes sociais em um contexto pode ser bem útil sabendo usá-la ,mais no geral, mais presisamemte as pessoas com uma carência e baixa estima já que a internet tem um mundo aparentemente perfeito .', 'No meu ponto de vista a solução pra esse problema seria estreitar as horas nas redes sociais e inteder que pessoas perfeitas não existem ,corpos perfeitos e beleza .em posta..Com tudo saber o que é real e imaginário .']",120,80,80,120,40,440
1090,92,Preconceito gera preconceito,"['Preconceito amarelo é um tipo de xenofobia,  apenas contra asiáticos. Apesar de ser pouco discutido, ele está presente no nosso cotidiano seja de forma mais agressiva, como em discursos de ódio, seja de maneira sutil, com piadas comuns e a utilização de termos preconceituosos, como para entrar na USP tem que matar um japonês” ; “xing-ling”; “japinha”; “chinês fala enrolado”; entre outras. A utilização de termos como estes, além de influenciar o aumento do preconceito, pode afetar as relações sociais e econômicas com asiáticos.', 'Nos Estados Unidos, o ex-presidente Donald Trump utilizou termos pejorativos para se referir ao coronavírus e aos descendentes asiáticos, especialmente chineses. Este fato não só incentivou ainda mais o preconceito, como também gerou atritos desnecessários entre o país norte-americano e a China, além de uma intensa guerra econômica, que tem influência em escala mundial.', 'Já no Brasil, o Ibrachina (Instituto sócio-cultural Brasil-China), criou uma central para receber denúncias de casos de preconceito amarelo, com objetivo de entregá-las às autoridades. Apesar de muitos não saberem, discriminação racial amarela também é crime, e não apenas a negra. A central foi criada durante a pandemia, que escancarou o problema. Em forma de resistência, franceses-asiáticos criaram a hashtag #JeNeSuisPasUnVirus, que expandiu-se por todo mundo, em português: #EuNãoSouUmVírus.', 'Apresentados os fatos, cabe aos governos e institutos destinados ao problema, não apenas brasileiros, mas de todo o mundo, criarem campanhas  que expliquem sobre o preconceito amarelo e seus problemas, a fim de mudar a mentalidade da população sobre o assunto. As campanhas devem ser acessíveis e veiculadas especialmente via redes sociais.']",160,160,120,160,160,760
402,71,O suicídio entre jovens,"['Desde o iluminismo, entende-se que a sociedade só progride quando um se mobiliza pelo outro. No entanto quando se observa o número de casos de jovens que tiram a vida por motivos psicológico ou emocionais, convem analizamos os efeitos e consequência dessa problematica.', 'Segundo dados do IBGE (Instituto brasileiro de geografia e estàtisticas), o suicídio a segunda maior causa de morte entre jovens de 15 e 19 anos, isso pode ser causado por vários pontos, seja psicológicos, que requerem tratamentos e acompanhamento psicológico, ou emocionais, que muito das vezes passa despercebido pelos pais.', 'Outrossim, destaca-se que esses ideais iluminista é contestado apena na teória e não na prática , tendo em vista a falta de acompanhamento escola para com seu jovens. que acabam cometendo o ato de tirar a própria vida como uma forma de fazer passa sua dor ou até mesmo punir  pessoas próximas a ele ou ela', 'Destaca-se, portanto, uma inião dos ministérios da saúde e educação, para ministrarem palestras em escolas de ensino fundamental e médio com especialista falando sobre o assunto para pais e alunos, é acompanhamento parental, incentivando seus filhos e filhas a falarem sobre o assunto, poís segundo Durkheim: o homem mais do que formado da sociedade,  é um produto dela .']",120,120,120,120,120,600
411,64,Sexualidade,"['Segundo o médico neurologista Sigmund Freud - ""O sonho é a satisfação de que o desejo se realize"". Hoje, com o avanço tecnológico, os jovens estão cada vez mais expostos a diversos conteúdos, levando-os a satisfazer suas próprias vontades, quebrando os princípios tradicionais . A sexualidade ainda é um tabu para a sociedade, pois ainda é pouco discutido nas escolas e os pais não chegam a dialogar com seus filhos sobre o assunto.', 'Para Freud, o ID é a instância mais antiga do inconsciente, cujo funciona segundo o princípio do prazer e dos impulsos de querer algo para si. Portanto, os adolescentes não conseguem controlar suas emoções por ainda estarem em processo de amadurecimento e acabam não tendo consciência do que suas ações repentinas poderão causar no futuro. Quando estes começam a receber informações bruscamente, despertam curiosidades e optam-se a querer fazer o mesmo, sem saber se estão preparados psicologicamente para viver realidades opostas a sua idade, pois não querem mais ser vistos como crianças.', 'As mídias sociais também favorecem o rápido alcance ao conhecimento, pelos quais ainda não deveriam saber . A apologia ao sexo  por exemplo, faz com que muitos jovens iniciem sua vida sexual muito cedo, o que poderá ocasionar vários problemas como o aumento do índice de DSTs e a gravidez precoce. Tudo isso ocorre pela falta de orientação de pessoas mais instruídas que não impõem uma boa conversa em prática sobre o tema.', 'Sendo assim, nota-se que a adolescência  em sua fase inicial, desperta muitas curiosidades e revelações, o que deixa vulnerável e confuso. Nisso, os pais e as instituições de ensino devem ajudá-los a tirar suas dúvidas sobre qualquer assunto e ensina-los a se preparar para a realidade, através de projetos e palestras realizados por profissionais de saúde, pois um passo incorreto pode ser prejudicial.']",120,120,120,120,120,600
728,43,O aumento dos discursos de ódio e cancelamentos nas redes sociais,"['O surgimento da internet, durante o período de conflitos ideológicos caracterizado como Guerra Fria, se deu por meio da evolução da tecnologia, situação que possibilitou drásticas mudanças nas relações de comunicação. Todavia, hoje as famigeradas redes de informação propiciaram um ambiente conflituoso, através da multiplicação de notícias falsas. Além disso, a atribuição de posicionamentos irrestritos traz o reflexo de uma sociedade condenadora.', 'No âmbito da discussão, é importante ressaltar que a disseminação de inverdades, conhecidas popularmente como ""Fake News"", pode ser qualificada como um ato de ignorância, visto que ao propagar mentiras sobre um indivíduo, pode favorecer discursos agressivos e difamações desnecessárias. Dessa maneira, é estritamente necessário posicionar a obra cinematográfica ""Rede de Ódio"", Jan Kamasa, que em seu enredo aborda cenários de notícias falsas, com o intuito de destruir reputações alheias e causar caos, assim como ocorre na realidade. Continuamente, os tendenciosos discursos de ódio ploriferados na internet, são em suma maioria anônimos, ao que a falta de identificação dos agressores é um fator de influência à impunidade.', 'Ademais, fora da ficção, para a escritora Evelyn B. Hall, independente do posicionamento individual de uma pessoa, é dever da sociedade defender o direito de opinar, caracterizando a liberdade de expressão-defendida pela Declaração Universal dos Direitos Humanos. Contudo, hodiernamente, essa forma de expressão tem sido utilizada de modo contraditório, ao promover o julgamento constante e hipócrita de pautas interpretadas erroneamente, prejudicando os afetados. Desse modo, se torna visto a polêmica ""Cultura do Cancelamento"", em que diversas pessoas se apropriam de ocorridos e atuam de maneira incorreta e desrespeitosa, ao tentarem, falhamente, buscar justiça para o que creem ser politicamente correto, ocasionando mais desavenças e acessos agressivos nas redes.', 'Portanto, torna-se evidente a necessidade de providências para alterar o cenário conflituoso. Assim, é mister que o Poder Legislativo , com o ideal de suscitar a amenização dos discursos agressivos, promova a elaboração de uma Lei Complementar Constitucional - com aprovação da maioria absoluta dos membros do Senado - por meio de medidas protetivas para apaziguar a adversidade. Somente assim, a liberdade de expressão será utilizada de modo correto, sem a hipocrisia e ataques desnecessários em redes de comunicação.']",160,120,120,200,160,760
18,5,Agrotóxicos são polêmicos,"['Agrotóxicos são polêmicos, alguns polêmicos: alguns falam que é são um mal necessário para defender os campos agrículas , outros que são compostos carcicogênicos que são totalmente desnecessários para a presevervação do meio agrícola agrícola.', 'E realmente existem produtos sem pesticidas artificiais, que são chamados de orgânicos e para identificar esses produtos tem um selo em todos os produtos orgânicos, existem produtos com uma menor adição de agrotóxicos que são menos prejudiciais. Mas mesmo assim contém Mas, mesmo assim, contêm agrotóxicos, e tanto os produtos orgânicos quanto os com menos adição de agrotóxicos possuem uma melhor qualidade para a comida e o paladar, e uma qualidade bem melhor para a saúde. Principalmente os orgânicos que não tem têm a capacidade de causar câncer por causa de não terem a adição de pesticidas, por pesticidas. Por outro lado lado, vendo pela economia economia, os agrotóxicos são ótimos, pois eles conservam e protegem o campo agrícola e são baratos, já fazendo uma plantação orgânica o custo é muito mais alto. E o tempo para produzir os campos agrícolas sem pesticidas demora muito mais.', 'Então Então, é algo muito complicado, pois para a saúde saúde, os pesticidas são péssimos, já para a economia são muito benéficos, o benéficos. O melhor jeito de criar um consenso entre a economia e a saúde saúde, seria diminuir o uso de agrotóxicos, usar agrotóxicos cientificamente comprovados que fazem menos mal, ou usar um jeito de conservar o meio agrícula de uma forma orgânica e barata.']",80,80,40,40,80,320
1070,91,,"['Devido à crise sanitária em que o mundo se encontra, a propagação do negacionismo se torna ainda mais preocupante. A desinformação e disseminação de fake news nos meios de comunicação geram uma onda de incertezas mediante aos avanços científicos, a tentativa de minimizar ou anular os efeitos da pandemia tem como resultado um debate ideológico que nada ajuda para resolver uma questão de saúde pública.', 'O ato de questionar os avanços da ciência acarreta uma série de problemáticas, as pessoas passam a duvidar de tudo o que é comprovado cientificamente e acreditar somente no senso comum, em algo sem nenhum estudo ou dado concreto para se basear e, em alguns casos essa crença afeta não só a pessoa como uma boa parte da sociedade . A vacinação, em alguns casos, só tem eficácia se uma grande parcela obtiver as doses, participantes do movimento antivacina, por exemplo, ao se negarem a tomar tal dose se tornam possíveis transmissores, acontece até de doenças erradicadas voltarem a aparecer no país, como foi o caso do sarampo.', 'Em meio à pandemia, a prioridade do Estado e da população deveria ser o combate ao vírus da C-19, porém é comum observar pessoas discutindo sobre a gravidade do vírus para o sistema imunológico e muitas vezes comentando sobre um suposto exagero da mídia. Perante tais discussões surgiram fontes informando formas alternativas para se prevenir, remédios caseiros ou até mesmo sem prescrição médica, tratamentos não testados cientificamente, diversas desinformações que prejudicam o trabalho dos profissionais da saúde.', 'Os governantes devem contribuir com um posicionamento voltado ao bem estar do cidadão, criando programas com profissionais da área da saúde para conscientizar e tirar dúvidas da população, combatendo as fake news nas redes sociais, financiando e acompanhando de perto os avanços científicos, pois o primeiro passo para o combate ao negacionismo é a informação.']",160,160,120,160,160,760
240,58,Desflorestação e ardência na Amazônia,"['É notório que a Floresta Amazônica é um tema que gera inúmeras divergências e conflitos de interesses hoje em dia, principalmente em relação a preservação do meio ambiente. Dentre todos os aspectos, vem se destacado o desmatamento desenfreado e o grande número de focos de incêndios, consideravelmente maior que nos três anos anteriores.', 'Cabe mencionar o desmatamento, pois o homem com suas atitudes inconsequentes, busca apenas o lucro financeiro, ignorando o perigo da escassez de vegetação para a qualidade do ar, do solo e da biodiversidade do país. Diante disso, ocorre a devastação dos recursos naturais, a erosão do solo, morte e extinção de espécies da fauna.', 'Por oportuno, merecem ênfase as queimadas que ocorrem com a justificativa de limpar o solo, para assim torná-lo apto a outras atividades. Entretanto, tal prática tende a ser maléfica, causando impactos irreversíveis ao meio-ambiente e aos moradores dos arredores, incluindo aumento dos casos de doenças respiratórias e fragilização do solo.', 'Feitas as reflexões, percebe-se que o desmatamento e as queimadas na Amazônia causam danos severos, e é de suma importância reduzi-los ao máximo. Desta forma, é necessário a criação e implante de medidas legais com objetivo de resguardar a maior floresta tropical do planeta.']",120,120,80,120,80,520
1014,90,A luta pela garantia da vida brasileira trans,"['O termo transgênero é usado para referir-se às pessoas que não se identificam com o gênero com o qual nasceram. Infelizmente, é comum ouvir o conceito transfobia relacionado a esse conceito, sendo esse as formas de repulsa, preconceito e agressões dirigidas às pessoas trans. Tal regressão aos direitos humanos,  apenas foi criminalizada no Brasil em 2019, porém o importante combate a esse preconceito ainda tem um longo caminho a percorrer.', 'Sabe-se que o Brasil é o país mais transfóbico do mundo, registrando 641 mortes de pessoas trans entre 2017 e 2020 . Para extinguir a transfobia no país, medidas educacionais, legislativas e sociais devem ser tomadas visando a reintegração dessas pessoas na sociedade, facilitação do ingresso em empresas e escolas e a maior segurança dessa comunidade. A violência, muitas vezes, vem da ignorância. Por isso, para reduzir os crimes contra as vidas trans, a educação, em suas diversas formas, é necessária, devendo abordar-se assuntos sobre identidade de gênero e respeito à auto identificação nas escolas brasileiras, mídias sociais e na imprensa.', 'Sendo as leis os estopins das mudanças de problemas estruturais, deve-se criar medidas mais abrangentes sobre a penalidade aos crimes de transfobia e projetos legislativos que dem suporte psicológico e médico às vítimas de agressão. Outro ponto a se alterar é a participação de pessoas trans na política, para que assim possam fomentar a defesa dos direitos de pessoas transgêneros. Lentamente, a realidade na política brasileira vem mudando, nas eleições de 2020, de acordo com o TSE (Tribunal Superior Eleitoral) foram registradas mais de 270 candidaturas de pessoas trans, número recorde no país. Mesmo sendo pouco se comparado aos números nacionais de candidaturas, esse registro é um grande avanço na integração social e política das pessoas trans.', 'O combate à transfobia no Brasil, é essencial para o desenvolvimento social do país e garantias básicas do direito à vida e a segurança das pessoas trans. A negligência a esse preconceito traz a marginalização social, familiar, educacional e profissional dos transgêneros. Medidas devem ser tomadas pelo Ministério da Mulher, da Família e dos Direitos Humanos para a divulgação da defesa e inclusão de pessoas transgêneros, visando facilitar o acesso e participação na vida política e social. Com educação, empatia e respeito haverá a equidade de direitos sociais e, acima de tudo, a garantia a vida brasileira em suas várias identidades.']",160,160,160,160,160,800
811,81,Alteridade comprometida,"['É fato que, ao longo da nossa história como colônia de exploração, inúmero  foram os povos formadores da nossa cultura. Desde os indígenas, escravos africanos e portugueses da monarquia, até os japoneses e italianos das repúblicas, contribuíram para a tamanha diversificação cultural e, consequentemente, da quantidade de religiões diferentes presentes aqui. Assim, o problema da intolerância religiosa no nosso país é comum,  e deve ser combatido.', 'Primeiramente, é importante analisarmos a presença dessa adversidade relacionada ao desenvolvimento da nação. Uma vez que a intolerância de crenças compromete a alteridade da população brasileira, ela causa inúmeros problemas humanos como a violência. Não obstante, ela também está ligada com a economia nacional, já que a Organização das Nações Unidas (ONU) condena tal prática, e muitas empresas e investidores internacionais evitam relacionar-se com países com instabilidade social.', 'Outro problema é o prejuízo do sistema de ensino brasileiro, que é, em grande parte, afetado por essa violência. Como essa questão compromete a divulgação de ideais sociais e de respeito para com o próximo, tal intolerância, infelizmente, acaba sendo beneficiada. Por assim dizendo, ao garantirmos uma educação mais eficaz, voltada para o ensino inter-religioso, ?  e livre desse preconceito, estaremos mais próximos da erradicação do mesmo.', 'Portanto, de acordo com Sartre, “a violência sempre é uma derrota”, então, precisamos tomar certas medidas para sairmos vitoriosos da batalha contra a intolerância religiosa. Uma delas é a renovação das leis atuais sobre a laicidade do Estado e o respeito às religiões, pelo poder legislativo, buscando a diminuição desse problema e ajudando a todos os brasileiros. Também é de suma importância, com o auxílio das famílias, escolas e do ministério da educação , a criação de projetos educacionais, como palestras, com o objetivo de consolidar e levar ensino, principalmente aos jovens, sobre esse assunto. Assim, conseguiremos instruir a todos a como “amarmos uns aos outros como se não houvesse amanhã”, como já dizia Renato Russo, indiferente  de qual religião cada um segue.']",160,160,160,160,200,840
372,75,,"['Para Darwin, as espécies que sobrevivem não são as mais fortes, nem as mais inteligentes, e sim aquelas que se adaptam melhor as mudanças. Isso se relaciona, com o assunto do livre porte de armas, uma vez que, também tangenciam aspectos tanto positivos quanto negativos. E possível afirmar que, em países que  legalizado o livre porte, com os estados unidos, a taxa de violência  muito alta, mas, se opõe ao caso da Rússia, poucas armas e muita criminalidade. Por um lado, a legalização desses armamentos poderia trazer certa segurança para a população. Por outro, autenticação desses meios não bastaria visto que o país tem problemas na educação básica.', 'Nesse sentido, o indivduo que vive em uma sociedade em que todos os bandidos já se encontram armados, somente tem uma escolha, a de optar por usar arma ou não, assim poderá ser adepto as transformações . Segundo o site de noticias veja, no Brasil, há oito armas a cada cem habitantes, e a taxa de homicídios  de 20 por 100 mil. E inaceitável que a segurança das pessoas fique comprometida,  por uma falta de fiscalização, por parte do governo.', '‘’educai as crianças, e não será necessário punir os homens’’, para Pitágoras a solução começa na educação. Se o estado desse uma prioridade no ensino publico desdá infância, talvez fosse possível diminuir os altos índices de violência nas grandes metrópoles. Pois em muitas nações, há a livre circulação desses instrumentos, porém, são baixos os níveis de selvageria.', 'Portanto, cabe ao governo junto aos órgãos de segurança publica, entrem em consenso para decidir qual seriam os meios de utilização desses objetos, assim influenciando o uso responsável e consciente entre os indivíduos dentro de um mesmo meio social. Logo, com essas medidas seria executável , reduzir as agressividades quase pela metade.']",120,120,120,120,120,600
841,46,Universalização do Saneamento Básico,"['O saneamento básico é um dos serviços essenciais prestados à população, o setor engloba serviços de fornecimento de água potável, coleta e tratamento de esgoto, drenagem urbana e coleta de resíduos sólidos. No Brasil esse serviço fundamental para a qualidade de vida da coletividade é prestado de modo majoritário pelo estado, mas o novo marco regulatório prevê a universalização do setor por meio da privatização. Retirar do estado a responsabilidade primária de fornecer esses serviços não garante a eficiência do setor em atender a população em sua totalidade.', 'Inicialmente, cabe ressaltar que um dos argumentos utilizados para fundamentar a privatização do setor é a ineficiência do estado em prestar os serviços de saneamento básico a toda população . De acordo com o Sistema Nacional de Informações sobre Saneamento, até 2018 metade da população não tinha acesso ao sistema de esgoto, enquanto 16% não tinha acesso a água tratada . A suposição é que com a aprovação do marco regulatório do saneamento existirá mais investimento no setor, de modo a suprir as áreas atualmente não alcançadas. Porém, a privatização pode tornar o saneamento básico ainda mais distante daqueles que vivem em áreas periféricas onde a atuação do setor trará pouca ou nenhuma rentabilidade.', 'Ademais, por ser de caráter essencial a gestão eficiente do setor é uma missão para entrega de qualidade de vida as pessoas e não deve priorizar o lucratividade como ocorre no setor privado. O cidadão que paga seus impostos compulsórios e tem o seu direito à saúde garantido pela Constituição Federal brasileira deveria poder esperar no mínimo a gestão eficaz do seu governo em fornecer serviços básicos. A privatização desses serviços não implica em benefícios diretos à população. Pelo contrário, tirar do estado essa responsabilidade, além da incerteza do fornecimento do serviço para a população marginalizada, gera o receio de todos da elevação do custo futuro da prestação dos serviços.', 'Diante do exposto, a expectativa da boa gestão privada do saneamento básico deve ser alocada e modelada para ser aplicada pelo próprio estado. É necessário que os poderes executivo e legislativo se unam e discutam novas formas de de concretizar a universalização do saneamento básico por meio do estado. Dentre essas formas, estudar meios de captar recursos financeiros para o investimento em saneamento básico, além de atualizar o modelo de gestão atual de acordo com modelos bem sucedidos no setor a fim de alavancar sua eficiência.']",160,200,160,200,160,880
325,0,Carnaval,"['A cultura brasileira é resultado da mistura de raças, etnias, crenças, valores, crenças e valores, entre outros elementos. Logo, o carnaval é fruto dessa miscigenação. Por isso, afirmar que essa festa - sinônimo de alegria e união - não deve receber contribuições externas, é externas é um equívoco.', 'Ademais, na contemporaneidade, vive-se uma realidade globalizada, o que resulta na unificação política, econômica e, também, cultural. As interferências culturais não são mais vistas como uma ameaça, mas sim como um meio de unificar a humanidade.', 'Nas últimas décadas, os sambódromos têm sido palco de inúmeras questões políticas, geográficas, ideológicas ou étnicas. Essa festa não tem apenas retratado a realidade brasileira brasileira, como também a realidade universal. Destarte, por que não inserir a cultura nativa nos diversos espaços ou contextos?', 'Intelectuais da literatura, como Oswald de Andrade, defendiam a aglutinação cultural estrangeira para, assim, criar uma nova cultura. Portanto, a troca de culturas é algo idealizado há tempo.', 'Por conseguinte, é imprescindível que cada indivíduo perceba o povo como um só - único, universal - mesmo repleto de diferenças. Dessa forma, a inserção de culturas distintas, onde quer que seja, será vista como parte de um todo e não como símbolo de discriminação ou preconceito.']",120,120,120,120,120,600
489,84,Porte de  armas no Brasil,"['No ano de 2003, foi aprovado no Brasil o Estatuto do desarmamento, restringindo o uso de armas de fogo na sociedade. Após 12 anos, um Projeto de Lei no Congresso pretente revogar o Estatuto, facilitando e ampliando o acesso no país.', 'Segundo pesquisa, desde que foi aprovado, o Estatudo do desarmamento, mais de cem mil pessoas deixaram de ser mortas no Brasil e o número de homicídios teve queda.', 'Mas, atualmente, com o aumento da violência e deficiência da polícia e outros profissionais e do Estado em combatê-la, a população brasileira sente necessidadede de ter o direito a se defender contra os bandidos(maioria armados), para maior segurança, pois estão com medo de sair ou ficar em suas residências devido a grande criminalidade que enfrentam no dia-a-dia.', 'Caso o projeto seja aprovado, a pessoa, que deverá ter 21 anos ou mais, vai cumprir requesitos mínimos, como passar por exames psicológicos para conferir se não tem problemas mentais e está apta para o porte de arma. Ela também deverá ter curso de tiro.', 'Se o Estado e profissionais não garantem boa segurança a população, logo ela tem direito de defesa e ao porte, usando a arma apenas para a necessidade de proteção contra criminosos; e não utlizá-la em brigas à toa, como atribuem os contrários ao Projeto de lei se ele for aprovado*.']",120,160,120,120,160,680
294,65,A criminalidade fraca e resolvida,"['A criminalidade não ocorre apenas no Brasil, no entanto os índices aqui são terríveis , por exemplo, homicídio é o pior de todos os crimes pois o maior bem é a vida , e contudo, morrem mais pessoas aqui do que nos países em guerra, portanto os caminhos para combater a criminalidade são penas,  se não forem mais pesadas , ao menos sejam cumpridas, porque toda a criminalidade hodierna, sem dúvidas, é fruto da impunidade.', 'No que se refere aos dados apenas dos homicídios de policiais, temos  no ano de 2018 mais de 104 policiais mortos só no Rio de Janeiro, então nota-se a situação caótica, a partir do momento em que aqueles que tem a função de evitar o crime estão sendo vítimas dele . Que se dirá então da população frágil? Com isso, além das leis rígidas é preciso também de uma população independente e forte. Aliás, no que tange as leis, como diz um dos maiores juristas brasileiros, Miguel Reale , não é o nível da pena que evita o crime, mas a certeza de que a lei será cumprida.', 'O que acontece na verdade é que no Brasil a impunidade anda livre pelas praças e grita viva, pois as leis que deveriam punir os criminosos tem dado carta de alforria , habeas corpus para indivíduos que se aproveitam cada vez mais. O crime no Brasil compensa e isso se tornou proveitoso para os bandidos . Um exemplo dessas leis é a lei do ""bolsa bandido"" mais conhecido como auxilio reclusão, o indivduo vai preso e a família ainda tem direito a ""pensão"", talvez seja por isso que tantos criminosos tem smartphones na cadeia melhores que muitos cidadãos trabalhadores.', 'Outros fatores são as visitas íntimas, as atenuantes, semiaberto , saídas nos feriados. Quer dizer , o presídio deixou de ser um lugar de punição do estado para se tornar um clube. Esses são apenas alguns direitos de uma infinidade de outros.', 'Por tudo que foi exposto da situação de criminalidade do Brasil , fica evidente que é preciso solucionar os problemas da impunidade com leis no mínimo sérias, quem quer ver o pai no dia dos pais que não seja patricida como Suzana Von Ristoff e que a justiça  além de mudar as leis e acabar com a impunidade possa garantir nas cadeias que os bandidos não usem celulares de tipo nenhum . Ademais, que o ministério da segurança garanta a população o porte de armas com todos os cuidados e cursos necessários, pois uma lei forte e uma população forte é uma criminalidade fraca e resolvida.']",120,120,80,120,120,560
902,2,A democracia estende-se ao STF,"['Nos últimos anos, o Supremo Tribunal Federal ganhou destaques nos debates públicos, principalmente no afastamento da então presidente Dilma Rousseff, na aprovação e recuo da prisão em segunda instância e em algumas polêmicas decisões políticas. O STF, diferentemente do Executivo e do Legislativo, não tem como critério primário ponderar suas ações para agradar a opinião pública, mas garantir o respeito à Constituição. No entanto, a pressão do interesse social sobre a alta maior instância judiciária fortalece a democracia e a supervisão fiscalização dos ministros.', 'Em primeiro lugar, o desejo e insatisfação da população, manifestados e levados em consideração, são sinais de uma democracia consolidada, que se adapta para se manter. A revogação da prisão após julgamento em segunda instância, por exemplo, possuiu um claro equilíbrio entre o desejo do povo e o permitido pela Carta, a ponto de o presidente da Corte deixar claro clara a possibilidade de alterar-se a lei posteriormente. Tal fato demonstra revela os mecanismos do Poder Estado à nação, tornando as pessoas mais sábias quanto às regras democráticas e, logo, repudiadora repudiadoras dos seus infratores. Ressalva-se, porém, que a escolha pela norma nem sempre é de gosto popular, à semelhança da de deixar o réu recorrer em liberdade.', 'Somada a esse benefício democrático, a atenção da sociedade dada à Suprema Corte evidencia o caráter profissional dos de seus membros, enquanto prestadores de serviços à sociedade; e a necessidade de excelência nas funções - sobretudo de defender a Lei Maior -, sob pena de o congresso Congresso adquirir apoio para impedir os ministros. Ou seja, o olhar atento dos cidadãos pode constranger o STF a não repetir desvios, os quais corroboraram as críticas coletivas, como favorecer a candidatura da presidente Dilma, quando a Lei diz que não, e intervir em bancos de dados financeiros, aparentemente sem critério aceitável.', 'Dessa forma, embora caótica, a discussão sobre os atos do Supremo reflete o aperfeiçoamento da democracia. Para validar a influência do povo no judiciário, agora, é necessário que os ministros passem a falar à nação em linguagem menos técnica, explicando o porquê de não aceitar a legitimidade do querer popular. Assim, a sociedade compreenderá o STF, além de participar das decisões políticas e judiciárias com maior sabedoria']",200,200,200,200,200,1000
800,44,Papel da mulher no esporte,"['Em 2019 a atleta Caster Semenya de origem sul-africana perdeu uma ação movida contra a Federação Internacional de Atletismo, por ter sido banida por apresentar altas taxas de testosterona no sangue, que segundo o órgão estaria assim favorecendo sua performance nos jogos. Casos como de Caster vem viabilizando uma sociedade totalmente desigual que enxerga o papel da mulher no esporte como desnecessário e inútil. Dadas as circunstâncias vê-se a configuração de um problema que emerge devido a insuficiência llegislativa e da má influência midiática, que precisa ser revertido.', 'Primeiramente, é preciso ressaltar que a insuficiência legislativa uma causa latente do problema, segundo o filósofo Foucault, na sociedade pós-moderna, temas são silenciados para que estruturas de poder sejam mantidas, nesse ponto de vista há uma lacuna que aflige a descriminação da mulher no esporte, já que órgãos que deveriam estar cumprindo com o seu papel de defender o direito do cidadão fazer as atividades esportivas que lhe atrai, não estão fazendo.', 'Em segundo plano, a má influência mediática cria um cenário que não viabiliza ocorrências como a de Caster, que não foram divulgados com tanta veemência pela mídia, movimentos criados no Brasil como Let Her Run, são completamente abafados pela mídia que ainda vê assuntos como o papel da mulher no esporte como um tabu, regras impostas pela Federação Internacional de Atletismo, diz que atletas femininas deveram tomar medicamentos para redução de sua testosterona pelo resto de suas vidas, os ataques feitos contra Caster vem com proclamação de não pessoais , mas no século vinte e um sabe-se que essas afirmações são fúteis e desnecessárias.', 'Portanto, uma intervenção faz-se necessária. Para isso é preciso que os governos estaduais , com parceira com as escolas, criem rodas de conversão com atletas femininas regionais encorajando garotas da idade dos 10 aos 17 que tenham interesse em ingressar no esporte, além disso essas conversações devem ocorrer em ambiente público, para que as pessoas que desconhecem a descriminação da mulher no esporte torne-se cidadãos relutantes na busca das resoluções. Assim poderá se configurar um Brasil e um mundo melhor.']",160,160,120,160,200,800
113,75,Porte de armas,"['Atualmente está sendo bastante discutido a questão da legalização de posso e porte de armas . Há uma diferença entre as duas coisas, a posso é quando alguém tem permissão para ter arma mais apenas dentro do perímetro de sua casa, já o porte é quando o indivíduo pode levar a pistola consigo por onde for, um exemplo concreto são os policiais que andam armanados mesmo estando a paisana.', 'Mas exatamente aqui que se entra a questão; será que qualquer pessoa pode ter uma arma? Um policial anda armado porquê ele foi preparado e treinado fisicamente e psicologicamente para saber agir diante da situação, ja uma pessoa que não está abituada e nunca foi instruída é um tanto perigoso.', 'Portando, legalizar o porte de armas trará bastante problemas para a sociedade , aumentando assim a violência nas ruas e tirando vidas inocentes. Tem aumentado sim o porte fé armas no Brasil, e isso previsa ser combatido com medidas organizadas pela justiça e a polícia.']",120,40,80,80,80,400
875,84,Na mira da liberdade,"['Com o aumento da criminalidade na década de 90, o governo criou o estatuto do desarmamento, que visava diminuir a violência ao restringir o número de armas de fogo em circulação entre os civis. Apesar do aparente sucesso da lei, a medida sempre foi polêmica quanto (a) sua real eficácia. Além disso, muitos que desejavam adquirir armas para proteção viram sua liberdade ser tirada pelo Estado, e sem escolha tiveram que se adequar ao estatuto. Nesse contexto nasceu o projeto de lei 3722/2012 que objetiva alterar o estatuto, diminuindo as exigências para posse e porte de arma.', 'De acordo com o mapa da violência, de 2015, o estatuto do desarmamento teve um impacto direto na taxa de homicídios que ao invés de continuar crescendo, estabilizou. Tal resultado parece ser uma boa notícia, mas ainda é preocupante, pois a taxa de assassinatos continua altíssima – cerca de 40 mil mortes por ano – comparada a países em guerra. Sendo assim, o resultado até então é uma estabilização em uma alta perda de vidas.', 'Diante do argumento de que menos armas implicam em menos mortes, o estatuto surgiu a fim de aplicar essa ideia, que apesar de soar plausível, tal raciocínio é uma falácia. O fato de um país ter mais ou menos armas não lhe implica mais homicídios. Na Europa há países extremamente permissivos ao acesso a armas, como a Suécia, e outros restritivos, como a Holanda, e ambos apresentam taxas baixíssimas de assassinatos por armas de fogo. Já na África, países com ambas as políticas como Uganda e Tanzânia, com baixo e alto acesso a armas, apresentam níveis muito altos de homicídios por tiro. Com isso é possível compreender que o problema é muito mais complexo, e está ligado primordialmente a outros fatores desses países, como a educação, desigualdade, pobreza, etc, que precisam ser trabalhados, pois esses são as causas do problema.', 'O Estado tem o dever de criar regras para tornar a sociedade mais segura, mas não pode interferir na liberdade das pessoas de decidir ou não ter uma arma. Este direito é legítimo, mas obviamente, devido a periculosidade de uma arma, a permissão, a fiscalização e o controle dos usuários devem ser rígidos a fim de só permitir o acesso àqueles que tenham plenas condições psicológicas, além de coibir excessos e responsabilizar a todos que infringirem leis. O projeto, ainda a ser votado pelo Senado, deve ser visto como uma conquista de direitos e de defesa da liberdade.  A política sobre as armas ainda deve passar por mudanças até atingir uma forma final, mas é importante que o cidadão de bem tenha esse direito mantido.']",160,200,200,200,160,920
996,89,Como conscientizar a população acerca do isolamento social em meio a crise econômica?,"['O isolamento social, recomendado pela Organização Mundial da Saúde para o controle da disseminação do vírus da COVID-19 obrigou pessoas de todo o mundo a se manterem em casa, ocasionando assim, alta na taxa de desemprego e aumento da inflação.', 'A situação da pandemia trouxe um nível de exposição altíssimo às classes mais pobres dificultando a essas pessoas o cumprimento de tal norma. De acordo com pesquisas realizadas pela Universidade Federal do Paraná ""A crise econômica causada pela Pandemia será longa e rigorosa"". Que apesar da volta gradativa das atividades econômicas, ainda encontra-se grande dificuldade em reparar o prejuízo causado.', 'Há a grande negligência do Estado que de certa forma contribuiu para a situação atual, como o auxílio emergencial furado e sem extensão até o fim da pandemia. Ato de grande descaso com a massa.', 'Dado o exposto, infere-se que para amenizar o cenário, a cooperação do estado com isso, assim, diminuirá as necessidades dos mais pobres de sair para trabalhar para garantir o alimento do dia.']",160,120,120,120,120,640
150,51,O corpo não pode existir,"['A educação acadêmica ao decorrer dos anos foi se tornando uma necessidade para concorrer a vagas de emprego, provas de concursos, logo pensamos  que a falta dessa educação acadêmica é um problema de uma pequena porcentagem da população, mas essa não é a realidade do Brasil.', 'Como Thomas Jefferson disse: ""Quando o mundo estiver em busca do conhecimento e não mais lutando por dinheiro e poder, então nossa sociedade poderá enfim evoluir a um novo nível."" Essa frase explica muito bem o motivo  pelo qual o analfabetismo funcional ainda é um grande problema em nossa sociedade, a falta de investimento na educação causa, além do analfabetismo funcional, violência, desempregos e principalmente a perda de diversas pessoas que com esse conhecimento poderiam realizar descobertas únicas.', 'De acordo com a lei da inércia de Isaac Newton: ""Um corpo permanece em repouso/movimento até que uma força externa atue sobre ele."" Pensamos no corpo como o analfabetismo funcional, a incapacidade de interpretar simples textos, e essa força externa como as cotas para estudantes de redes públicas, ou seja, essa força tinha a função de parar/movimentar o corpo, algo que era para ser a solução acabou de tornando um problema, pois admite a falta da educação.', 'É necessário investimento na educação pública, e o incentivo para os jovens cada vez mais  adquirirem conhecimento, o Brasil precisa de mais mão de obra qualificada.']",120,80,80,120,40,440
675,49,O PERIGO MUNDIAL DAS CELEBRIDADES DIGITAIS,"['Recentemente, o debate sobre os influencers esteve em alta;  não só pelo seu aumento em popularidade nos últimos anos, mas pelas questões sobre o nível da influência que eles exercem sobre seus milhões de seguidores. Antes da internet, influenciadores já existiam — cronistas expondo suas visões no jornal, famosos fazendo propagandas de marcas e produtos, a lista é extensa . O que diferencia, no entanto, estes influenciadores dos digital influencers é o seu alcance . Atualmente, um só tweet pode ser lido pelo mundo inteiro. Logo, quando estas celebridades digitais propagam ideias imorais e estilos de vida questionáveis, causam impacto mundial.', 'Durante o isolamento social devido à pandemia do coronavírus, a influenciadora digital Gabriela Pugliesi deu uma grande festa, ignorando as recomendações de saúde. Não muito tempo atrás, Pugliesi fora ao casamento de sua irmã apesar da pandemia, o que resultou na contração do vírus por vários convidados, incluindo a própria influencer. Gabriela excluiu sua conta no Instagram após receber críticas ao seu comportamento, mas isso não apaga o fato de que ela reforçou a ideia de que a situação da COVID-19 não é algo sério, quando em realidade já matou milhares de pessoas.', 'Nos EUA, o youtuber Jake Paul causou polêmica ao passar a propagar, em seus vídeos e em seu último tour, a ideologia de que a escola é inútil e que o sistema de educação acadêmica é falho. É importante frisar que seus fãs são, majoritariamente, o público infantil. Influenciados pelo youtuber, muitas crianças podem começar a negligenciar a educação e, desta forma, prejudicarão seu futuro . De fato, um diploma não é um fator decisivo no sucesso de um indivíduo, mas até figuras como Steve Jobs e Bill Gates, que abandonaram a faculdade, afirmam que a educação e a busca por conhecimento é vital na jornada ´para um futuro melhor.', 'Por fim, é nítido a necessidade de controlar o poder dos influenciadores digitais. No entanto, não cabe às redes sociais censurá-los toda vez que dizerem uma opinião controversa. Aliás, tal ação seria ferir a liberdade de expressão no espaço digital. A solução, portanto, fica nas mãos das empresas que patrocinam os influencers . Ao deixar de apoiá-los financeiramente, os influenciadores não terão outra escolha além de reavaliarem suas ações e o conteúdo que eles oferecem a seu público.']",160,160,120,160,120,720
