comp,band,score_comp,essay
C1,0,0,"Muito têm se falado na questão de legalizar ou não a maconha. Muitos defendem e outros são contra, sobre a legalização da considerada ""droga leve"", que teria várias finalidades , exemplos de uso próprio e para fins médicos . A legalização só trará problemas para a sociedade.', 'Realmente, muito se sabem de benefícios do uso da maconha, que foi constatada sua eficiência de cura total ou parcial de várias doenças, sendo esse o coro feito por médicos a respeito que seja liberada. Mas não podemos esquecer que no caso da legalização a população já usuária só se beneficiaria, tendo em vista que não será mais proibido o consumo e consequentemente o uso aumentaria em grande proporção e ocasionaria um fluxo enorme de ""maconheiros"" nas cidades, colocando em perigo os não usuários, devido que o usuár"
C1,40,40,"A Constituição da República Federativa do Brasil de 1988, que define os direitos e deveres dos cidadãos cidadãos, garante entre os demais símbolos o hino nacional brasileiro.', 'No entanto, a dubiedade em diversos setores da sociedade, não oculta o valor que que, além de cultural e ainda histórico histórico, possui o ato de cantar o hino nacional do Brasil.', 'Ante os fatos apontados, a relevante cultura de saudar o país por meio de seus símbolos denota não apenas um gesto moral e popular de patriotismo nobre, mas ainda convém citar como já dizia citar Frederich Friedrich Nietzche: ""A moralidade é a melhor das regras para orientar a humanidade"".', 'Uma vez que, urge similarmente relatar o contexto histórico que, assim sendo, representa as grandes glorias glórias do passado bem como se repr"
C1,80,80,"O ensino no Brasil está cada vez mais precário, a falta de comprometimento do governo e da população com a educação está cada vez mais nítida. Porém, a cada dia vemos jovens de origem humilde conquistando vagas na universidade e se formando, deixando para trás pessoas que são consideradas “escolarizadas”.Do que adianta ter um ensino de alta qualidade se os estudantes não se esforçarem? Mas será que vale apena prejudicar a minoria só por causa dos interessados? Quando os estudantes almejam aquela vaga na universidade, eles buscam vários meios para conseguir conhecimento não se limitam apenas no conteúdo que é oferecido na escola, vão atrás de novas fontes como: biblioteca e internet. É isso que diferencia os estudantes dedicados dos que apenas brincam de estudar. É necessário de uma interve"
C1,120,120,"A adoção do uso livre de armas no Brasil é uma questão que vem sendo bastante discutida no cenário político social, fato que ocorre desde a abolição do porte livre de armas de fogo, pela lei do Estatuto do Desarmamento, em 2003. Desde então, os brasileiros se dividiram em dois lados, os que apoiam e os que rejeitam essa decisão.', 'É fato que o Brasil sofre de um grave problema na segurança populacional, por isso, muitos veem o porte de armas como uma solução e um avanço, visando que as pessoas não se arriscariam a cometer crimes caso soubessem que há chances de as vítimas revidarem de forma violenta. Além disso, se acredita que a lei prejudicou em grande parte apenas a classe trabalhadora, visto que criminosos conseguem facilmente armas através do mercado negro.', 'Já muitos que aprovam o"
C1,160,160,"A sociedade atual mesmo após séculos de evolução e desenvolvimento, ainda remonta ações de sociedades como da Grécia Antiga, na Polis Ateniense onde as pessoas que não conseguissem se desenvolver para batalhar no caso de homens e gerar filhos no caso de mulheres, eram taxados pelo estigma de incapacidade por doenças mentais ou deformações físicas . Eram segregadas do restante da sociedade, assim como é hoje, como tratamos pessoas mentalmente doentes.', 'Em primeiro plano, vale ressaltar que a ideia de segregação social, advém de um pensamento primitivo onde existe a necessidade de separar pessoas doentes, pobres, de cor diferente, com a narrativa utópica de uma sociedade perfeita, pura. Sabemos que ninguém é perfeito, em nosso processo de desenvolvimento passamos por diversas situações em "
C1,200,200,"Sabe-se que desde os primórdios da sociedade brasileira pessoas acometidas por qualquer tipo de doenças mentais são vítimas de preconceito, exclusão e bullying por parte de indivíduos ditos normais. Vemos muito disso na série “Spin out”, produzida pela plataforma de streaming “Netflix”. Na série a protagonista, Kat Baker, é uma patinadora profissional portadora de Transtorno Bipolar, a série mostra bem como a doença a atrapalha tanto na sua profissão quanto nas situações diárias com amigos e família. Essas são apenas algumas das muitas situações vivenciadas por pessoas acometidas com doenças mentais no Brasil e no mundo.', 'Atualmente sabemos que os índices de suicídio e depressão cresceram de uma forma extraordinária, mas diferente do que muitos pensam todas as doenças mentais existentes "
C2,0,0,", 'Com o passar dos anos anos, a tecnologia cada vez mais toma espaço em setores da vida cotidiana, o cotidiana e o dinheiro não ficaria fora disso. A criação do bitcoin em 2009 está abrindo portas para uma revolução econômica moderna.', 'A criptomoeda chega para ultrapassar os bancos convencionais onde convencionais, em que o governo exerce um forte controle estatal controle, através da emissão de moedas tradicionais no sistema financeiro atual tradicionais. Por sua independência, os governos de todo o mundo ainda não sabem como regulamentar esse tipo de moeda, visando que tornaria seu controle obsoleto.', 'Contudo, sua anatomia é o que conquista, agilizando transações econômicas, o econômicas. O sistema ""blockchain"" é formado por uma cadeia de blocos trancados por uma forte camada de cri"
C2,40,40,"Em 15 de janeiro de 2019, o presidente Jair Bolsonaro liberou o porte de arma de fogo no Brasil. É notável que partidos opostos e indivíduos que se puseram contra o armamento estão indignados, pois acreditam que não trará segurança aos Brasileiros . Mas, o outro lado da oposição considera-se a legalização um avanço para a sociedade, pois obtém-se segurança, dando o poder de legitima defesa.', 'Atualmente, andasse sempre atentos pelas ruas, pois á vários casos de homicídio, violência e criminalidade, tentas-te proteger pode causar graves consequências e até mesmo gerar um custo maior, do que haverá com o roubo. Não é qualquer cidadão que terá uma arma de fogo, aplicaram-se leis e testes psicológicos para aqueles que desejam adquirir o armamento. Segundo o pesquisar do (FBSP) Fórum Brasileir"
C2,80,80,"Muito se tem discutido e comentado sobre os problemas críticos que a Amazônia está sofrendo ultimamente. Queimadas, devastação, riscos devastação e riscos ambientais é o que está agravando cada vez mais a preservação da floresta amazônica. Este acontecimento não impressionou somente os brasileiros, mas também outros países do mundo.', 'Convém lembrar de que que a Amazônia é algo grandioso para o nosso Brasil, porém deve ser protegida por todos, em função da importância para o equilíbrio ecológico do planeta. Em relação a esses fatos mencionados, a Amazônia deve ganhar status internacional, pois é de extrema necessidade para todas as pessoas.', 'Em uma segunda análise, observa-se que muitos seres humanos não contribuem para o meio ambiente, ou seja, não dão importância para ocorridos questi"
C2,120,120,"Artes e educação física são duas disciplinas que podem se tornar opcionais pela nova reforma do ensino médio. Há de se ponderar; porém, que são áreas com necessidades e finalidades diferentes.', 'Em se tratando da disciplina de educação física, ela é de suma importância para os estudantes e deve ser mantida obrigatória, pois o exercício físico previne problemas cardiovasculares, obesidade e outras enfermidades, e ajuda até mesmo no desempenho dos alunos em matérias teóricas, porque já é conhecido pela ciência que essa prática melhora a memória e a cognição. Além disso, principalmente nas populações mais pobres, a escola pode se tornar o único lugar a se praticar exercícios, e com o advento do horário integral como norma geral às escolas, o sedentarismo tende a crescer significativamente.',"
C2,160,160,"Recebemos todos os dias mensagens, e-mails e chamadas de pessoas que sequer conhecemos, e estas nos oferecem produtos e serviços que podemos , ou não, estar precisando . São esses, os influenciadores digitais. Isso tem sido algo muito comum nesse século regido pela tecnologia e, consequentemente, pela globalização.', 'Os digitais influencers têm o difícil trabalho de “influenciar” a opinião e as escolhas das demais pessoas quando estas vão fazer uma compra de determinado produto. De forma mais clara, se uma pessoa estiver à procura de certo produto, é o trabalho dele usar sua persuasão para induzir tal pessoa a fazer a compra desse produto de uma marca “X”, sua opinião deve favorecer a marca que ele está a propagar e também pesar na escolha do consumidor.', 'Por usarem as redes sociais com"
C2,200,200,"A vida se contrai e se expande proporcionalmente à coragem do indivíduo."" Com essas palavras a escritora francesa, Anaïs Nin, deixa clara a importância das pessoas serem capazes de resistirem às adversidades que se apresentam diariamente nas suas vidas; a covardia , ao contrário , fragiliza o indivíduo que, por sua vez, fica inerte e não demonstra reação.', 'Na própria história do Brasil e do mundo é notória a relevância da coragem como fator preponderante em ações que desafiaram ou desafiam a ordem vigente. No Brasil, por exemplo, se não houvesse Romantismo e Modernismo, ambos movimentos literários, possivelmente até hoje não existiria uma literatura verdadeiramente brasileira e sem influências externas. No mundo, entre vários heróis, pode-se citar a figura de Nelson Mandela como líder re"
C3,0,0,"Absurdamente nossos governantes vem cometendo mais erros na área educacional, os quais poderão levar mais ao fundo do poço os índices de evasão escolar de nossos estudantes. Para melhorar esses índices são necessárias muitas outras ações a nível social e educacional que acrescentem e não retirem nada do que já conquistamos.', 'Neste tempo em que os estudantes ficam a maior parte de seu tempo conectados aos meios tecnológicos e sendo assim não praticam exercícios físicos, é imprescindível ofertar a eles a prática esportiva e a oportunidade para desenvolver habilidades artísticas.', 'Outros dois equívocos são: acreditar que temos estrutura física disponível para trabalhar em tempo integral em todos os estabelecimentos educacionais do país e não observar que nossa clientela vem de famílias ca"
C3,40,40,"A religião que reúne o número maior de seguidores é a católica, .', 'Na idade, moderna aconteceu na Europa um processo conhecido como reforma protestante ,como em destaque Luteranos, que impediam cada estado de adotar sua própria e livre escolha religiosa. E o Calvinismo que se expandiu com as mesmas medidas de Lutero, para designar ,os cristãos não católico-romano isso , devemos respeitar a decisão , de cada pessoa na escolha da crença.', 'Segundo dados do IBGE Instituto Brasileiro De Geografia Estatística ,só no Brasil o número de católicos é de 64%.Além disso ele é o país , com a maior nação católica do mundo.', 'Pois , existem varias religiões espalhadas ,a evangélicas ,cristãs, muçumanas ,budismo,camdoble .A intolerância dos indivíduos é respeitar a liberdade ,sem agressões e indifere"
C3,80,80,"É possível afirmar que com o crescimento do cinema brasileiro nos últimos anos, temos um aumento significativo de pessoas que passaram a frequentar salas de cinemas no país, mas, sabemos que nem todos têm o privilégio de assistir um filme no cinema. Diante disso, convém analisar-mos as causas, consequências e possíveis soluções para esse impasse.', 'Tendo em vista que com as mudanças que ocorreram no país, onde a migração de pessoas do campo para a cidade, a urbanização cada vez mais acelerada e a falta de investimento na infraestrutura para suportar a demanda, ocorreram mudanças significativas no contexto geográfico do cinema.', 'Nesse sentido, podemos destacar que a classe média foi privilegiada pelo fato de os cinemas estarem em áreas mais nobres das cidades , dessa forma, ocorreu uma c"
C3,120,120,"É notório que o interesse dos brasileiros em mudar-se para outros países vem aumentando consideravelmente, principalmente entre os jovens.', 'Dentre tantos fatores relevantes, temos: a maior segurança em países desenvolvidos, a interminável crise em nosso país, com desemprego elevado e a perspectiva de melhor qualidade de vida em outras nações, reconhecidamente melhores para se viver.', 'Sabe-se que o nosso país não passa por momentos de grande segurança, inclusive com uma Intervenção Federal vigente no estado do Rio de Janeiro. Por isso, os brasileiros têm buscado sair do país com medo da violência, que atinge a todos em qualquer lugar, gerando em todos a sensação de medo e insegurança.', 'Ainda quanto ao desejo dos brasileiros em mudar-se para outros países, nos últimos anos o Brasil não"
C3,160,160,"Há indiscutivelmente diversos fatores que corroboram para que o porte de armas pela população civil seja um problema. Sobretudo, diante das constantes notícias sobre o aumento da violência no Brasil. Se por um lado existi quem defenda o uso de arma como exercício do direito de legítima defesa. Por outro, o aumento da violência e das mortes por arma de fogo produzem repulsa sobre essa temática. Sendo assim, é valido analisar os fatores intrínsecos dessa problemática.', 'É importante pontuar, de início, que no Brasil o porte de arma para o civil era liberado. Contudo, diante do individualismo e revanchismo gerado pela Ditadura Militar, os casos de morte tornaram-se banais e os índices de vítimas de armas de fogo no país eram exorbitantes. No entanto, em 2003 com a promulgação de medidas rest"
C3,200,200,"As grades e os muros altos refletem o medo presente na sociedade, à violência é algo que se encontra entrelaçada ao cotidiano das pessoas. Nem as câmeras, os alarmes e até mesmo a polícia conseguem garantir a segurança a muito perdida. Nesse cenário, percebe-se certa coerência na defesa da liberação do uso de armas pelo cidadão civil como forma de autopreservação.', 'Entretanto, optar pela legalização da posse de arma não seria outra coisa além da transferência de mais uma obrigação do Estado para o cidadão. É dever do Estado, previsto pela constituição, garantir a segurança social e para isso, é destinado parte dos milhões arrecadados em impostos.', 'Além disso, as consequências do aumento do número de armas de fogo em circulação são desconhecidas, podendo surtir efeitos contrários ao esp"
C4,0,0,"Absurdamente nossos governantes vem cometendo mais erros na área educacional, os quais poderão levar mais ao fundo do poço os índices de evasão escolar de nossos estudantes. Para melhorar esses índices são necessárias muitas outras ações a nível social e educacional que acrescentem e não retirem nada do que já conquistamos.', 'Neste tempo em que os estudantes ficam a maior parte de seu tempo conectados aos meios tecnológicos e sendo assim não praticam exercícios físicos, é imprescindível ofertar a eles a prática esportiva e a oportunidade para desenvolver habilidades artísticas.', 'Outros dois equívocos são: acreditar que temos estrutura física disponível para trabalhar em tempo integral em todos os estabelecimentos educacionais do país e não observar que nossa clientela vem de famílias ca"
C4,40,40,"Quem nunca tomou um remédio sem prescrição para alivio de uma dor de cabeça? Quem nunca ouviu o conselho da sua mãe sobre um remédio que combate alguns sintomas e que não têm problema algum tomar? A automedicação, muitas vezes vista como alívio imediato, no entanto, pode gerar consequências graves para a saúde.', 'O uso incorreto de um medicamento pode acarretar o agravamento de uma doença, tendo em vista, que este pode esconder determinados sintomas, como: o uso indiscriminado de medicamentos à base de um analgésio-antitérmico como a dipirona pode abaixar os níveis de células de defesa encontrados no sangue.', 'Quanto o uso de antibióticos deve-se ter muita cautela , pois estes são usados para o controle de infecções bacterianas, a dosagem, o periodo, deve-ser respeitado religiosamenta pa"
C4,80,80,"A legalização da maconha é um tema que veio à tona relativamente a [há] pouco tempo, percebe-se porém que já é muito discutido no meio político, na própria sociedade e até mesmo em outros países, por usuários ou não, causando opiniões controversas até dentro dos mesmos meios sociais.', 'Um dos aspectos mais discutidos sobre a legalização da maconha considerando-a uma droga leve é o acesso que ela dá a outras drogas mais pesadas, pelo fato de ser uma droga psicotrópica e gerar uma curiosidade quanto aos efeitos causados por outros elementos que trazem um risco de vício maior e que acaba por diversas vezes prejudicando direta ou indiretamente outras pessoas tais como familiares dos envolvidos.', 'Outro ponto na discussão sobre legalização recai sobre a sua criminalização . Não se pode consid"
C4,120,120,"O estupro – assim como qualquer outro crime que infrinja os Direitos Humanos – prejudica a dignidade do cidadão. Além de afetar o direito à propriedade do corpo e, principalmente, a autoestima da vítima, que se sente violada e exposta.', 'Segundo estudos do Ipea (Instituto de Pesquisa Econômica Aplicada), 89% das vítimas são do sexo feminino e isso pode ser explicado no fato do papel da mulher na sociedade ser visto historicamente como inferior. Desde os primórdios da humanidade, o homem saía para caçar e realizar tarefas pesadas, enquanto elas encarregavam-se das mais amenas. No decorrer do tempo, a imagem de submissão feminina acentuou-se, tornando-se regra que moças deveriam dedicar suas vidas à família e a casa. Na Índia, por exemplo, até pouco tempo , a mulher deveria morrer junto ao "
C4,160,160,"No ano de 2009 houve a pandemia do H1N1, também chamado de Gripe Suína, que provocou 18 mil mortes no mundo todo, atingindo pessoas de todas as faixas etárias e em ótimas condições de saúde. Porém, com a criação de vacinas e medicamentos, esse quadro minimizou-se, sendo um grande avanço contra o H1N1. Em paralelo à situação atual, com a pandemia de coronavírus, a ciência continua desenvolvendo uma importante função no combate à doenças, com estudos e pesquisas, mostrando a extrema importância desse setor na sociedade e como investimentos e recursos ajudam na luta contra pandemias .', 'Em meio à pandemia de COVID-19, os pesquisadores em universidades denotam um papel relevante, como por exemplo os do Instituto Lutz da Universidade de São Paulo em parceria com a Universidade de Oxford, que s"
C4,200,200,"A Constituição Brasileira de 1988, conhecida como cidadã, garante direitos básicos aos indivíduos - saúde e educação por exemplo. No entanto, ao observar os desafios enfrentados pelo Sistema Único de Saúde , percebe-se que o ideal proposto na Carta Magna não é respeitado. Nesse aspecto, convém analisarmos à omissão dos governantes e a desigualdade social como impulsionadores desse revés.', 'Em primeiro lugar, é importante postular as autoridades como causadoras das dificuldades enfrentadas . Segundo Aristóteles, a função do Estado é garantir o bem-estar social por meio de justiça. Porém, ao contrário do que diz o filósofo, o investimento inócuo e a falta de fiscalização governamental com a verba designada esse direito inalienável comprometem o acesso igualitário dos cidadãos, já que são in"
C5,0,0,"A homofobia consiste no ódio e repulsa por homossexuais, atitude esta que deve ser combatida para que possamos formar uma sociedade que esteja baseada na tolerância e respeito ao próximo, independente da sua orientação sexual.', 'Racismo e exclusão social e transfobia são problemas estruturais e mudar esse situação não tão simples devido ideologias antigas . Esses temas tem sido trabalhados em escolas e instituições de ensino para conscientizar que pessoas são pessoas independentes de crenças gênero, costumes, cor, raça etnia etc.', 'A transfobia que passada pela mídia, muitas vezes e do uma parceia do que realmente aconteceu no dia a dia por vezes ela impede pessoas de se relacionar no ambito profissional escolar ou pessoal. Ainda existe um grande preconceito contra os homossexuais na mai"
C5,40,40,"Não como negar que o uso das tecnologias está facilitando a informação de cultura, pois muitas vezes as pessoas deixam de presenciar o cinema, é o comodismo e a tv da Netflix tem auxiliando o acesso em residências. Ainda mais que nas regiões Norte e Nordeste a exibição em cinemas não é acessível a todos e o custo financeiro dificulta a toda família poder participar.', 'Primeiramente o cinematrografo Charles Champlin produzia filmes em mímicas ao público surdo, assim proporcionando a acessibilidade mais ainda encontra a precariedade em vários lugares no nosso Brasil.', 'Em outro aspecto a ser abordado é a constituição federal de 88 qual inclui o lazer a todos, mas a falta de investimento e a desigualdade social inibi a população ao conhecimento', 'Em última análise Confúcio, `` a cultura es"
C5,80,80,"Em tempos “modernos” a mente humana ainda possui as suas contundências machista e falso moralismo.', 'Apesar das informações chegarem mais rápido as pessoas através de meio de comunicações e redes sociais as mesmas na maioria retém apenas o básico e muitas vezes desnecessários para suas vidas.', 'Mesmo sendo um assunto delicado de se abordar e educar infelizmente é algum muito comum de se acontecer independente da classe social.', 'Costuma-se culpar a vitima com pensamentos machista dando características as roupas, insinuações, palavra de baixo calão dando a entender que a pessoa procurou isso quando na maior parte do tempo vem da mente doentia do agressor.', 'A realidade é que ninguém tem o direito de ser tocado se não quiser, e o seu jeito de ser não é um convite a ser atacado por ningué"
C5,120,120,"Desde a origem do crack na década de 1970, muitos países já sofreram uma epidemia com essa droga. O Brasil não é diferente e está passando por problemas com as chamadas cracolândias. Tentando mascarar o problema, a prefeitura de São Paulo aposta na internação compulsória para as cracolandias desaparecerem do mapa. Apesar da iniciativa, o verdadeiro problema tem raizes profundas na sociedade brasileira.', 'O Brasil é um dos países que mais consome crack no mundo, e essa fuga da realidade descende dos problemas sociais enraizados nesse país . Segundo o neurocientista Carl Hart, a desigualdade social é um dos principais motivos para o consumo da droga, fato que concorda com a pesquisa da Fiocruz onde afirma que 80% da população na Cracolândia tem pele escura.', 'A internação compulsória não s"
C5,160,160,"No filme Deus não está morto uma jovem muçulmana vive um conflito com seu pai, pois a doutrina religiosa que lhe agrada,', '? é contraditória com os costumes de seu povo. Fora do filme, isso é uma realidade presente em muitos países, até mesmo no Brasil. Em alguns casos, como no filme, a intolerância começa dentro de casa ? agravando ainda mais a situação.', ""Assim como a bíblia que afirma termos o livre arbítrio, a Constituição também nos confirma essa total liberdade de escolhermos o que preferirmos, inclusive nossa crença religiosa. Porém, tal liberdade nem sempre é respeitada e se torna muitas vezes ''limitada'', pois 12% das discriminações relatadas em 2014 vieram acompanhadas de agressões físicas. ? Deixando ? assim, essas vítimas intimidadas a expor sua religião e costumes."", 'Entre"
C5,200,200,"As grades e os muros altos refletem o medo presente na sociedade, à violência é algo que se encontra entrelaçada ao cotidiano das pessoas. Nem as câmeras, os alarmes e até mesmo a polícia conseguem garantir a segurança a muito perdida. Nesse cenário, percebe-se certa coerência na defesa da liberação do uso de armas pelo cidadão civil como forma de autopreservação.', 'Entretanto, optar pela legalização da posse de arma não seria outra coisa além da transferência de mais uma obrigação do Estado para o cidadão. É dever do Estado, previsto pela constituição, garantir a segurança social e para isso, é destinado parte dos milhões arrecadados em impostos.', 'Além disso, as consequências do aumento do número de armas de fogo em circulação são desconhecidas, podendo surtir efeitos contrários ao esp"
