index_redacao,palavras,desvios,desvios_100,ortografia,gramatica,pontuacao,maiusculas,palavras_confundidas,exemplos
2,402,9,2.24,0,3,3,0,3,"[{""trecho"": ""esta"", ""msg"": ""Substitua por “está”.""}, {""trecho"": ""possui"", ""msg"": ""Após verbos que expressam dúvidas, desejos e hipóteses, como “imaginar”, prefira usar o subjuntivo.""}, {""trecho"": ""qualidade mas"", ""msg"": ""Esta conjunção deve ser separada por vírgulas e só deve ser utilizada no início duma frase para efeitos de estilo.""}, {""trecho"": ""nas universidade"", ""msg"": ""Possível erro de concordância de número.""}, {""trecho"": ""publicas"", ""msg"": ""Quando escrita sem acento, esta palavra é um verbo. Se pretende referir-se a um substantivo ou adjetivo, deve utilizar a forma acentuada.""}, {""trecho"": ""busca melhores"", ""msg"": ""Possível erro de concordância de número.""}, {""trecho"": ""esta"", ""msg"": ""Substitua por “está”.""}, {""trecho"": ""mais sim"", ""msg"": ""Esta locução deve ser separada por vírgulas.""}]"
5,190,3,1.58,0,3,0,0,0,"[{""trecho"": ""o cotidiana"", ""msg"": ""Possível erro de concordância.""}, {""trecho"": ""o mundo ainda não sabem"", ""msg"": ""Possível erro de concordância verbal.""}, {""trecho"": ""o econômicas"", ""msg"": ""Possível erro de concordância.""}]"
6,180,1,0.56,0,1,0,0,0,"[{""trecho"": ""nossos governantes vem"", ""msg"": ""Possível erro de concordância verbal.""}]"
11,296,4,1.35,0,3,0,1,0,"[{""trecho"": ""submetem-se"", ""msg"": ""Deve-se usar a próclise quando o verbo for precedido imediatamente por palavras de negação e determinados pronomes, conjunções e advérbios.""}, {""trecho"": ""a à"", ""msg"": ""Duas preposições seguidas. Verifique.""}, {""trecho"": "": Abusos"", ""msg"": "": não encerra frases; portanto, se não for um nome próprio, a palavra seguinte deve ser iniciada com letra minúscula.""}, {""trecho"": ""pelo os"", ""msg"": ""Possível fragmento.""}]"
17,201,9,4.48,5,3,0,0,1,"[{""trecho"": ""A"", ""msg"": ""Para expressões no passado ou se pretende utilizar o verbo “haver”, substitua por “há”.""}, {""trecho"": ""ninguem"", ""msg"": ""Encontrado possível erro de ortografia.""}, {""trecho"": ""As pessoas simplesmente gosta"", ""msg"": ""Possível erro de concordância verbal.""}, {""trecho"": ""As manifestações está"", ""msg"": ""Possível erro de concordância verbal.""}, {""trecho"": ""á"", ""msg"": ""Verifique se não quis escrever “à” ou “a”.""}, {""trecho"": ""descançar"", ""msg"": ""Encontrado possível erro de ortografia.""}, {""trecho"": ""conquita"", ""msg"": ""Encontrado possível erro de ortografia.""}, {""trecho"": ""semos"", ""msg"": ""Encontrado possível erro de ortografia.""}]"
18,248,6,2.42,3,1,2,0,0,"[{""trecho"": ""carcicogênicos"", ""msg"": ""Encontrado possível erro de ortografia.""}, {""trecho"": ""presevervação"", ""msg"": ""Encontrado possível erro de ortografia.""}, {""trecho"": ""contém Mas"", ""msg"": ""Esta conjunção deve ser separada por vírgulas e só deve ser utilizada no início duma frase para efeitos de estilo.""}, {""trecho"": ""Por outro lado"", ""msg"": ""Esta locução deve ser separada por vírgulas.""}, {""trecho"": ""o benéficos"", ""msg"": ""Possível erro de concordância de número.""}, {""trecho"": ""agrícula"", ""msg"": ""Encontrado possível erro de ortografia.""}]"
20,436,6,1.38,0,4,2,0,0,"[{""trecho"": ""-,"", ""msg"": ""Remova a vírgula após o travessão, exceto em discurso direto ou quando separar orações.""}, {""trecho"": ""a à"", ""msg"": ""Duas preposições seguidas. Verifique.""}, {""trecho"": ""enxergavam-o"", ""msg"": ""O pronome “o” se transforma em “no” quando em ênclise após uma vogal nasal.""}, {""trecho"": ""refere-se"", ""msg"": ""Deve-se usar a próclise quando o verbo for precedido imediatamente por palavras de negação e determinados pronomes, conjunções e advérbios.""}, {""trecho"": ""vocaliza-lo"", ""msg"": ""Possível erro de acentuação.""}, {""trecho"": ""pode sim"", ""msg"": ""Esta locução deve ser separada por vírgulas.""}]"
28,178,2,1.12,0,1,1,0,0,"[{""trecho"": ""quando na verdade"", ""msg"": ""Esta locução deve ser separada por vírgulas, e só deve ser utilizada no início duma frase para efeitos de estilo.""}, {""trecho"": ""cujo o"", ""msg"": ""O pronome relativo ‘cujo’ tem de estar ligado a um substantivo, adjetivo ou numeral.""}]"
29,372,11,2.96,2,4,0,1,4,"[{""trecho"": ""esta"", ""msg"": ""Possível confusão de termos.""}, {""trecho"": ""Brasileiro"", ""msg"": ""Os gentílicos e línguas são escritos em minúsculas.""}, {""trecho"": ""governo"", ""msg"": ""Modo verbal incorreto.""}, {""trecho"": ""alivio"", ""msg"": ""Quando escrita sem acento, esta palavra é um verbo. Se pretende referir-se a um substantivo ou adjetivo, deve utilizar a forma acentuada.""}, {""trecho"": ""ate"", ""msg"": ""Se pretende usar a preposição ‘até’, acrescente o acento agudo.""}, {""trecho"": ""denuncia"", ""msg"": ""Quando escrita sem acento, esta palavra é um verbo. Se pretende referir-se a um substantivo ou adjetivo, deve utilizar a forma acentuada.""}, {""trecho"": ""pratica"", ""msg"": ""Quando escrita sem acento, esta palavra é um verbo. Se pretende referir-se a um substantivo ou adjetivo, deve utilizar a forma acentuada.""}, {""trecho"": ""corupsão"", ""msg"": ""Encontrado possível erro de ortografia.""}]"
38,149,3,2.01,0,2,1,0,0,"[{""trecho"": ""disso disso"", ""msg"": ""Possível fragmento.""}, {""trecho"": ""Uma respeitados"", ""msg"": ""Possível erro de concordância.""}, {""trecho"": ""Ou ou seja"", ""msg"": ""Esta locução deve ser separada por vírgulas, e só deve ser utilizada no início duma frase para efeitos de estilo.""}]"
42,111,2,1.8,0,2,0,0,0,"[{""trecho"": ""devido as"", ""msg"": ""Neste contexto utiliza-se a crase.""}, {""trecho"": ""condições precária"", ""msg"": ""Possível erro de concordância de número.""}]"
49,399,1,0.25,1,0,0,0,0,"[{""trecho"": ""fiminicidio"", ""msg"": ""Encontrado possível erro de ortografia.""}]"
50,266,2,0.75,1,1,0,0,0,"[{""trecho"": ""país_"", ""msg"": ""Encontrado possível erro de ortografia.""}, {""trecho"": ""autoridades mais participação"", ""msg"": ""Possível erro de concordância de número.""}]"
54,209,4,1.91,0,4,0,0,0,"[{""trecho"": ""outras fatores"", ""msg"": ""Possível erro de concordância.""}, {""trecho"": ""delas dela"", ""msg"": ""Possível fragmento.""}, {""trecho"": ""maiores acesso"", ""msg"": ""Possível erro de concordância de número.""}, {""trecho"": ""maiores conhecimento"", ""msg"": ""Possível erro de concordância de número.""}]"
57,326,8,2.45,1,1,1,0,5,"[{""trecho"": ""Pelo contrario"", ""msg"": ""Quando escrita sem acento, esta palavra é um verbo. Se pretende referir-se a um substantivo ou adjetivo, deve utilizar a forma acentuada.""}, {""trecho"": ""publica"", ""msg"": ""Quando escrita sem acento, esta palavra é um verbo. Se pretende referir-se a um substantivo ou adjetivo, deve utilizar a forma acentuada.""}, {""trecho"": ""toda as"", ""msg"": ""Possível erro de concordância de número.""}, {""trecho"": ""um politico"", ""msg"": ""Quando escrita sem acento, esta palavra é um verbo. Se pretende referir-se a um substantivo ou adjetivo, deve utilizar a forma acentuada.""}, {""trecho"": ""um politico"", ""msg"": ""Quando escrita sem acento, esta palavra é um verbo. Se pretende referir-se a um substantivo ou adjetivo, deve utilizar a forma acentuada.""}, {""trecho"": ""sociedade os"", ""msg"": ""Separe elementos de uma enumeração com vírgulas.""}, {""trecho"": ""publica"", ""msg"": ""Quando escrita sem acento, esta palavra é um verbo. Se pretende referir-se a um substantivo ou adjetivo, deve utilizar a forma acentuada.""}, {""trecho"": ""glria"", ""msg"": ""Encontrado possível erro de ortografia.""}]"
61,308,6,1.95,3,2,0,0,1,"[{""trecho"": ""cidadões"", ""msg"": ""Encontrado possível erro de ortografia.""}, {""trecho"": ""esses privilégios tem"", ""msg"": ""Possível erro de concordância verbal.""}, {""trecho"": ""publicas"", ""msg"": ""Quando escrita sem acento, esta palavra é um verbo. Se pretende referir-se a um substantivo ou adjetivo, deve utilizar a forma acentuada.""}, {""trecho"": ""confúncio"", ""msg"": ""Encontrado possível erro de ortografia.""}, {""trecho"": ""necessários medidas"", ""msg"": ""Possível erro de concordância.""}, {""trecho"": ""socias"", ""msg"": ""Encontrado possível erro de ortografia.""}]"
65,196,2,1.02,0,2,0,0,0,"[{""trecho"": ""possivelmente voltassem"", ""msg"": ""‘possivelmente’ requer um verbo no indicativo.""}, {""trecho"": ""seria ótimo uma reforma"", ""msg"": ""Erro de concordância.""}]"
66,159,1,0.63,0,1,0,0,0,"[{""trecho"": ""É necessário uma reforma"", ""msg"": ""Erro de concordância.""}]"
72,268,1,0.37,0,0,1,0,0,"[{""trecho"": ""possível pois"", ""msg"": ""Esta conjunção deve ser separada por vírgulas e só deve ser utilizada no início duma frase para efeitos de estilo.""}]"
75,145,7,4.83,2,3,1,0,1,"[{""trecho"": ""minisserie"", ""msg"": ""Encontrado possível erro de ortografia.""}, {""trecho"": ""seu equipes"", ""msg"": ""Possível erro de concordância.""}, {""trecho"": ""tem lutar"", ""msg"": ""Dependendo do significado, deve separar os verbos. “tem de lutar” se é uma obrigação, ou “tem que lutar” se é uma constatação.""}, {""trecho"": ""minino"", ""msg"": ""Encontrado possível erro de ortografia.""}, {""trecho"": ""lei mas"", ""msg"": ""Esta conjunção deve ser separada por vírgulas e só deve ser utilizada no início duma frase para efeitos de estilo.""}, {""trecho"": ""o corrupção"", ""msg"": ""Possível erro de concordância.""}, {""trecho"": ""esta"", ""msg"": ""Possível confusão de termos.""}]"
79,315,1,0.32,1,0,0,0,0,"[{""trecho"": ""olímpiadas"", ""msg"": ""Encontrado possível erro de ortografia.""}]"
80,369,6,1.63,3,1,1,1,0,"[{""trecho"": ""infânciapós"", ""msg"": ""Encontrado possível erro de ortografia.""}, {""trecho"": ""mecer"", ""msg"": ""Encontrado possível erro de ortografia.""}, {""trecho"": ""os jovem"", ""msg"": ""Possível erro de concordância de número.""}, {""trecho"": ""esporte por exemplo Rafaela"", ""msg"": ""Esta locução deve ser separada por vírgulas, e só deve ser utilizada no início duma frase para efeitos de estilo.""}, {""trecho"": ""outrostento"", ""msg"": ""Encontrado possível erro de ortografia.""}, {""trecho"": ""Olímpicos"", ""msg"": ""Os gentílicos e línguas são escritos em minúsculas.""}]"
83,102,4,3.92,2,0,2,0,0,"[{""trecho"": ""destribuindo"", ""msg"": ""Encontrado possível erro de ortografia.""}, {""trecho"": ""como por exemplo"", ""msg"": ""Esta locução deve ser separada por vírgulas, e só deve ser utilizada no início duma frase para efeitos de estilo.""}, {""trecho"": ""ja"", ""msg"": ""Encontrado possível erro de ortografia.""}, {""trecho"": ""\"""", ""msg"": ""Símbolo sem par: “\""” aparentemente está ausente""}]"
84,323,3,0.93,1,1,1,0,0,"[{""trecho"": ""isso mas"", ""msg"": ""Esta conjunção deve ser separada por vírgulas e só deve ser utilizada no início duma frase para efeitos de estilo.""}, {""trecho"": ""a"", ""msg"": ""Esta expressão requer o uso da crase.""}, {""trecho"": ""est"", ""msg"": ""Encontrado possível erro de ortografia.""}]"
86,175,0,0.0,0,0,0,0,0,[]
88,349,2,0.57,0,0,2,0,0,"[{""trecho"": ""” por assim dizer"", ""msg"": ""Esta locução deve ser separada por vírgulas, e só deve ser utilizada no início duma frase para efeitos de estilo.""}, {""trecho"": ""como por exemplo"", ""msg"": ""Esta locução deve ser separada por vírgulas, e só deve ser utilizada no início duma frase para efeitos de estilo.""}]"
94,187,3,1.6,0,1,0,0,2,"[{""trecho"": ""de varias"", ""msg"": ""Quando escrita sem acento, esta palavra é um verbo. Se pretende referir-se a um substantivo ou adjetivo, deve utilizar a forma acentuada.""}, {""trecho"": ""o métodos"", ""msg"": ""Possível erro de concordância de número.""}, {""trecho"": ""ate"", ""msg"": ""Se pretende usar a preposição ‘até’, acrescente o acento agudo.""}]"
97,179,2,1.12,1,1,0,0,0,"[{""trecho"": ""índices preocupante"", ""msg"": ""Possível erro de concordância de número.""}, {""trecho"": ""á"", ""msg"": ""Verifique se não quis escrever “à” ou “a”.""}]"
108,145,2,1.38,1,0,1,0,0,"[{""trecho"": ""aposentadoria ou seja"", ""msg"": ""Esta locução deve ser separada por vírgulas, e só deve ser utilizada no início duma frase para efeitos de estilo.""}, {""trecho"": ""conseder"", ""msg"": ""Encontrado possível erro de ortografia.""}]"
112,171,1,0.58,0,0,1,0,0,"[{""trecho"": ""Porém os"", ""msg"": ""Esta conjugação deve ser separada por vírgulas.""}]"
113,164,6,3.66,3,1,1,0,1,"[{""trecho"": ""armanados"", ""msg"": ""Encontrado possível erro de ortografia.""}, {""trecho"": ""porquê"", ""msg"": ""Se puder substituir por “por qual razão”, utilize “por que”. Se “porquê” expressar uma explicação, considere escrever “porque”. Se puder substituir por “o motivo”, escreva “o porquê”""}, {""trecho"": ""ja"", ""msg"": ""Encontrado possível erro de ortografia.""}, {""trecho"": ""abituada"", ""msg"": ""Encontrado possível erro de ortografia.""}, {""trecho"": ""bastante problemas"", ""msg"": ""Possível erro de concordância de número.""}, {""trecho"": ""aumentado sim"", ""msg"": ""Esta locução deve ser separada por vírgulas.""}]"
114,225,5,2.22,1,1,2,0,1,"[{""trecho"": ""Entretanto nos"", ""msg"": ""Esta conjugação deve ser separada por vírgulas.""}, {""trecho"": ""\"""", ""msg"": ""Símbolo sem par: “\""” aparentemente está ausente""}, {""trecho"": ""em relação a"", ""msg"": ""Neste contexto utiliza-se a crase.""}, {""trecho"": ""tem"", ""msg"": ""Possível confusão de termos.""}, {""trecho"": ""á"", ""msg"": ""Verifique se não quis escrever “à” ou “a”.""}]"
117,264,3,1.14,1,0,1,0,1,"[{""trecho"": ""proibição"", ""msg"": ""Esta locução deve ser separada por vírgulas.""}, {""trecho"": ""tóxinas"", ""msg"": ""Encontrado possível erro de ortografia.""}, {""trecho"": ""em parceira"", ""msg"": ""Possível confusão de termos.""}]"
119,222,1,0.45,1,0,0,0,0,"[{""trecho"": ""empreguinados"", ""msg"": ""Encontrado possível erro de ortografia.""}]"
121,183,1,0.55,0,1,0,0,0,"[{""trecho"": ""à centros"", ""msg"": ""Não se utiliza a crase antes de palavras masculinas.""}]"
127,264,1,0.38,0,0,1,0,0,"[{""trecho"": ""planejada porém"", ""msg"": ""Esta conjunção deve ser separada por vírgulas e só deve ser utilizada no início duma frase para efeitos de estilo.""}]"
150,227,1,0.44,0,1,0,0,0,"[{""trecho"": ""acabou de tornando"", ""msg"": ""Verbos auxiliares devem ser seguidos de formas verbais no infinitivo ou no gerúndio. Se esse não é o caso, verifique se está faltando uma vírgula entre os dois verbos.""}]"
151,224,3,1.34,1,2,0,0,0,"[{""trecho"": ""autovalorizar"", ""msg"": ""Encontrado possível erro de ortografia.""}, {""trecho"": ""fundamentos ético"", ""msg"": ""Possível erro de concordância de número.""}, {""trecho"": ""desta hino"", ""msg"": ""Possível erro de concordância.""}]"
161,135,2,1.48,0,2,0,0,0,"[{""trecho"": ""outros mostra"", ""msg"": ""Possível erro de concordância.""}, {""trecho"": ""pelas indústria"", ""msg"": ""Possível erro de concordância de número.""}]"
164,227,0,0.0,0,0,0,0,0,[]
165,218,5,2.29,2,0,3,0,0,"[{""trecho"": ""Sociais pois"", ""msg"": ""Esta conjunção deve ser separada por vírgulas e só deve ser utilizada no início duma frase para efeitos de estilo.""}, {""trecho"": ""psíquicas pois"", ""msg"": ""Esta conjunção deve ser separada por vírgulas e só deve ser utilizada no início duma frase para efeitos de estilo.""}, {""trecho"": ""econômicas pois"", ""msg"": ""Esta conjunção deve ser separada por vírgulas e só deve ser utilizada no início duma frase para efeitos de estilo.""}, {""trecho"": ""tm"", ""msg"": ""Encontrado possível erro de ortografia.""}, {""trecho"": ""nordestes"", ""msg"": ""Encontrado possível erro de ortografia.""}]"
169,193,1,0.52,0,0,1,0,0,"[{""trecho"": ""por outro lado"", ""msg"": ""Esta locução deve ser separada por vírgulas.""}]"
172,166,4,2.41,2,0,1,0,1,"[{""trecho"": ""como por exemplo o"", ""msg"": ""Esta locução deve ser separada por vírgulas, e só deve ser utilizada no início duma frase para efeitos de estilo.""}, {""trecho"": ""á"", ""msg"": ""Verifique se não quis escrever “à” ou “a”.""}, {""trecho"": ""tem"", ""msg"": ""Possível confusão de termos.""}, {""trecho"": ""entederem"", ""msg"": ""Encontrado possível erro de ortografia.""}]"
175,169,5,2.96,1,3,0,0,1,"[{""trecho"": ""as redes sociais tem"", ""msg"": ""Possível erro de concordância verbal.""}, {""trecho"": ""providencias"", ""msg"": ""Quando escrita sem acento, esta palavra é um verbo. Se pretende referir-se a um substantivo ou adjetivo, deve utilizar a forma acentuada.""}, {""trecho"": ""videos"", ""msg"": ""Encontrado possível erro de ortografia.""}, {""trecho"": ""essas publicações toxicas"", ""msg"": ""Possível erro de concordância verbal.""}, {""trecho"": ""dessas plataforma"", ""msg"": ""Possível erro de concordância de número.""}]"
177,253,5,1.98,1,1,1,1,1,"[{""trecho"": ""idéia"", ""msg"": ""Encontrado possível erro de ortografia.""}, {""trecho"": ""são totalmente excluída"", ""msg"": ""O predicativo tem de concordar em número com o verbo de ligação.""}, {""trecho"": ""Além disso"", ""msg"": ""Esta locução deve ser separada por vírgulas.""}, {""trecho"": "": Enquanto"", ""msg"": "": não encerra frases; portanto, se não for um nome próprio, a palavra seguinte deve ser iniciada com letra minúscula.""}, {""trecho"": ""tem"", ""msg"": ""Possível confusão de termos.""}]"
178,486,4,0.82,0,0,2,0,2,"[{""trecho"": ""negligencia"", ""msg"": ""Quando escrita sem acento, esta palavra é um verbo. Se pretende referir-se a um substantivo ou adjetivo, deve utilizar a forma acentuada.""}, {""trecho"": ""sim"", ""msg"": ""Esta locução deve ser separada por vírgulas.""}, {""trecho"": ""nem direitos nem"", ""msg"": ""Conjunções alternativas ou disjuntivas devem ser separadas por vírgulas.""}, {""trecho"": ""de pressa"", ""msg"": ""Substitua por “depressa”.""}]"
180,163,1,0.61,0,1,0,0,0,"[{""trecho"": ""Pode"", ""msg"": ""O verbo “ocorrer” não é impessoal e, portanto, exige concordância entre o sujeito e o verbo auxiliar.""}]"
186,340,7,2.06,1,4,2,0,0,"[{""trecho"": ""as doenças tem"", ""msg"": ""Possível erro de concordância verbal.""}, {""trecho"": ""Contudo com"", ""msg"": ""Esta conjugação deve ser separada por vírgulas.""}, {""trecho"": ""diminuíram-se a coragem"", ""msg"": ""Possível erro de concordância verbal.""}, {""trecho"": ""muitas"", ""msg"": ""“Muito” e “pouco” são invariáveis como advérbio. Pretende dizer “muito”?""}, {""trecho"": ""apóiam"", ""msg"": ""Encontrado possível erro de ortografia.""}, {""trecho"": "","", ""msg"": ""Sinal de pontuação isolado.""}, {""trecho"": ""exista"", ""msg"": ""O verbo “existir” não é impessoal e, portanto, exige concordância com o seu sujeito.""}]"
190,151,2,1.32,0,1,1,0,0,"[{""trecho"": ""Além disso"", ""msg"": ""Esta locução deve ser separada por vírgulas.""}, {""trecho"": ""ambientais decorrente"", ""msg"": ""Possível erro de concordância de número.""}]"
195,180,3,1.67,0,1,1,0,1,"[{""trecho"": "".."", ""msg"": ""Dois pontos consecutivos""}, {""trecho"": ""do governos"", ""msg"": ""Possível erro de concordância de número.""}, {""trecho"": ""das industrias"", ""msg"": ""Quando escrita sem acento, esta palavra é um verbo. Se pretende referir-se a um substantivo ou adjetivo, deve utilizar a forma acentuada.""}]"
200,259,4,1.54,0,2,2,0,0,"[{""trecho"": ""ocorrerá pois"", ""msg"": ""Esta conjunção deve ser separada por vírgulas e só deve ser utilizada no início duma frase para efeitos de estilo.""}, {""trecho"": ""Além disso"", ""msg"": ""Esta locução deve ser separada por vírgulas.""}, {""trecho"": ""a artes"", ""msg"": ""Possível erro de concordância de número.""}, {""trecho"": ""desumanizá-la"", ""msg"": ""Deve-se usar a próclise quando o verbo for precedido imediatamente por palavras de negação e determinados pronomes, conjunções e advérbios.""}]"
206,297,8,2.69,3,4,0,0,1,"[{""trecho"": ""As redes sociais tem"", ""msg"": ""Possível erro de concordância verbal.""}, {""trecho"": ""idéias"", ""msg"": ""Encontrado possível erro de ortografia.""}, {""trecho"": ""do pais"", ""msg"": ""Possível erro de acentuação ou concordância.""}, {""trecho"": ""facebook"", ""msg"": ""Você quis dizer “Facebook”?""}, {""trecho"": ""instagram"", ""msg"": ""Você quis dizer “Instagram”?""}, {""trecho"": ""um pais"", ""msg"": ""Possível erro de concordância de número.""}, {""trecho"": ""praticas"", ""msg"": ""Quando escrita sem acento, esta palavra é um verbo. Se pretende referir-se a um substantivo ou adjetivo, deve utilizar a forma acentuada.""}, {""trecho"": ""as eleições enfraquece"", ""msg"": ""Possível erro de concordância verbal.""}]"
209,276,2,0.72,1,0,1,0,0,"[{""trecho"": ""deteorização"", ""msg"": ""Encontrado possível erro de ortografia.""}, {""trecho"": ""Portanto o"", ""msg"": ""Esta conjugação deve ser separada por vírgulas.""}]"
210,262,0,0.0,0,0,0,0,0,[]
211,226,2,0.88,0,2,0,0,0,"[{""trecho"": ""humilha-los"", ""msg"": ""Possível erro de acentuação.""}, {""trecho"": ""exclui-los"", ""msg"": ""Possível erro de acentuação.""}]"
213,165,3,1.82,1,1,0,0,1,"[{""trecho"": ""click"", ""msg"": ""Encontrado possível erro de ortografia.""}, {""trecho"": ""dá"", ""msg"": ""Possível confusão de termos.""}, {""trecho"": ""preocupando-se"", ""msg"": ""Deve-se usar a próclise quando o verbo for precedido imediatamente por palavras de negação e determinados pronomes, conjunções e advérbios.""}]"
216,175,0,0.0,0,0,0,0,0,[]
221,198,1,0.51,0,0,0,0,1,"[{""trecho"": ""intimas"", ""msg"": ""Quando escrita sem acento, esta palavra é um verbo. Se pretende referir-se a um substantivo ou adjetivo, deve utilizar a forma acentuada.""}]"
222,203,0,0.0,0,0,0,0,0,[]
223,228,0,0.0,0,0,0,0,0,[]
225,412,2,0.49,0,1,1,0,0,"[{""trecho"": ""nem preservativos nem"", ""msg"": ""Conjunções alternativas ou disjuntivas devem ser separadas por vírgulas.""}, {""trecho"": ""falta"", ""msg"": ""O verbo “faltar” não é impessoal e, portanto, exige concordância com o seu sujeito.""}]"
228,198,6,3.03,5,1,0,0,0,"[{""trecho"": ""devido a"", ""msg"": ""Neste contexto utiliza-se a crase.""}, {""trecho"": ""previnir"", ""msg"": ""Encontrado possível erro de ortografia.""}, {""trecho"": ""descreça"", ""msg"": ""Encontrado possível erro de ortografia.""}, {""trecho"": ""caíu"", ""msg"": ""Encontrado possível erro de ortografia.""}, {""trecho"": ""bemestar"", ""msg"": ""Encontrado possível erro de ortografia.""}, {""trecho"": ""armeniar"", ""msg"": ""Encontrado possível erro de ortografia.""}]"
230,406,5,1.23,3,1,1,0,0,"[{""trecho"": ""incio"", ""msg"": ""Encontrado possível erro de ortografia.""}, {""trecho"": ""paralelo a"", ""msg"": ""Possível erro de crase.""}, {""trecho"": ""entreterimento"", ""msg"": ""Encontrado possível erro de ortografia.""}, {""trecho"": ""e ao mesmo tempo"", ""msg"": ""Esta locução deve ser separada por vírgulas.""}, {""trecho"": ""orgão"", ""msg"": ""Encontrado possível erro de ortografia.""}]"
232,235,4,1.7,1,3,0,0,0,"[{""trecho"": ""devese"", ""msg"": ""Encontrado possível erro de ortografia.""}, {""trecho"": ""esse adolescentes"", ""msg"": ""Possível erro de concordância de número.""}, {""trecho"": ""um vida"", ""msg"": ""Possível erro de concordância.""}, {""trecho"": ""enriquece-los"", ""msg"": ""Possível erro de acentuação.""}]"
235,388,18,4.64,13,2,0,0,3,"[{""trecho"": ""iamos"", ""msg"": ""Encontrado possível erro de ortografia.""}, {""trecho"": ""portuguêses"", ""msg"": ""Encontrado possível erro de ortografia.""}, {""trecho"": ""brasil"", ""msg"": ""Se se refere ao nome geográfico escreva-o com maiúsculas.""}, {""trecho"": ""portuguses"", ""msg"": ""Encontrado possível erro de ortografia.""}, {""trecho"": ""desnecessrio"", ""msg"": ""Encontrado possível erro de ortografia.""}, {""trecho"": ""e"", ""msg"": ""Verifique se não quis dizer “é”, ou talvez insira uma vírgula.""}, {""trecho"": ""seriamos"", ""msg"": ""Possível erro de acentuação.""}, {""trecho"": ""deviamos"", ""msg"": ""Encontrado possível erro de ortografia.""}]"
240,201,1,0.5,0,1,0,0,0,"[{""trecho"": ""em relação a"", ""msg"": ""Neste contexto utiliza-se a crase.""}]"
248,291,0,0.0,0,0,0,0,0,[]
256,257,5,1.95,2,1,2,0,0,"[{""trecho"": ""influncia"", ""msg"": ""Encontrado possível erro de ortografia.""}, {""trecho"": ""muitos outras"", ""msg"": ""Possível erro de concordância.""}, {""trecho"": ""vitimas"", ""msg"": ""Quando escrita sem acento, esta palavra é um verbo. Se pretende referir-se a um substantivo ou adjetivo, deve utilizar a forma acentuada.""}, {""trecho"": ""Além disso"", ""msg"": ""Esta locução deve ser separada por vírgulas.""}, {""trecho"": ""que em geral"", ""msg"": ""Esta locução deve ser separada por vírgulas.""}]"
267,204,3,1.47,1,2,0,0,0,"[{""trecho"": ""à a"", ""msg"": ""Duas preposições seguidas. Verifique.""}, {""trecho"": ""á"", ""msg"": ""Verifique se não quis escrever “à” ou “a”.""}, {""trecho"": ""a nações"", ""msg"": ""Possível erro de concordância de número.""}]"
268,167,3,1.8,1,1,0,0,1,"[{""trecho"": ""noticias"", ""msg"": ""Quando escrita sem acento, esta palavra é um verbo. Se pretende referir-se a um substantivo ou adjetivo, deve utilizar a forma acentuada.""}, {""trecho"": ""à muitos"", ""msg"": ""Não se utiliza a crase antes de palavras masculinas.""}, {""trecho"": ""referencia"", ""msg"": ""Quando escrita sem acento, esta palavra é um verbo. Se pretende referir-se a um substantivo ou adjetivo, deve utilizar a forma acentuada.""}]"
273,294,2,0.68,1,1,0,0,0,"[{""trecho"": ""averigua"", ""msg"": ""Encontrado possível erro de ortografia.""}, {""trecho"": ""acesso a"", ""msg"": ""Possível erro de crase.""}]"
278,215,2,0.93,0,1,0,1,0,"[{""trecho"": ""Islâmico"", ""msg"": ""Os gentílicos e línguas são escritos em minúsculas.""}, {""trecho"": ""em relação a"", ""msg"": ""Neste contexto utiliza-se a crase.""}]"
281,262,3,1.15,2,0,0,0,1,"[{""trecho"": ""propéra"", ""msg"": ""Encontrado possível erro de ortografia.""}, {""trecho"": ""pratica"", ""msg"": ""Quando escrita sem acento, esta palavra é um verbo. Se pretende referir-se a um substantivo ou adjetivo, deve utilizar a forma acentuada.""}, {""trecho"": ""economicas"", ""msg"": ""Encontrado possível erro de ortografia.""}]"
283,383,8,2.09,3,2,3,0,0,"[{""trecho"": ""No entanto"", ""msg"": ""Esta locução deve ser separada por vírgulas.""}, {""trecho"": ""direitos na prática"", ""msg"": ""Esta locução deve ser separada por vírgulas, e só deve ser utilizada no início duma frase para efeitos de estilo.""}, {""trecho"": ""Além disso"", ""msg"": ""Esta locução deve ser separada por vírgulas.""}, {""trecho"": ""na ruas"", ""msg"": ""Possível erro de concordância de número.""}, {""trecho"": ""nas"", ""msg"": ""Substitua por “às”.""}, {""trecho"": ""interim"", ""msg"": ""Encontrado possível erro de ortografia.""}, {""trecho"": ""própios"", ""msg"": ""Encontrado possível erro de ortografia.""}, {""trecho"": ""inoscência"", ""msg"": ""Encontrado possível erro de ortografia.""}]"
284,136,5,3.68,1,1,3,0,0,"[{""trecho"": ""á"", ""msg"": ""Verifique se não quis escrever “à” ou “a”.""}, {""trecho"": ""Por outro lado"", ""msg"": ""Esta locução deve ser separada por vírgulas.""}, {""trecho"": ""fossem ampliada"", ""msg"": ""O predicativo tem de concordar em número com o verbo de ligação.""}, {""trecho"": "",."", ""msg"": ""Pontuação duplicada""}, {""trecho"": ""No entanto"", ""msg"": ""Esta locução deve ser separada por vírgulas.""}]"
286,363,0,0.0,0,0,0,0,0,[]
294,430,7,1.63,1,1,4,0,1,"[{""trecho"": ""no entanto"", ""msg"": ""Esta locução deve ser separada por vírgulas.""}, {""trecho"": ""crimes pois"", ""msg"": ""Esta conjunção deve ser separada por vírgulas e só deve ser utilizada no início duma frase para efeitos de estilo.""}, {""trecho"": ""e contudo"", ""msg"": ""Esta conjunção deve ser separada por vírgulas e só deve ser utilizada no início duma frase para efeitos de estilo.""}, {""trecho"": ""acontece na verdade"", ""msg"": ""Esta locução deve ser separada por vírgulas, e só deve ser utilizada no início duma frase para efeitos de estilo.""}, {""trecho"": ""auxilio"", ""msg"": ""Quando escrita sem acento, esta palavra é um verbo. Se pretende referir-se a um substantivo ou adjetivo, deve utilizar a forma acentuada.""}, {""trecho"": ""indivduo"", ""msg"": ""Encontrado possível erro de ortografia.""}, {""trecho"": ""tantos criminosos tem"", ""msg"": ""Possível erro de concordância verbal.""}]"
295,287,1,0.35,0,1,0,0,0,"[{""trecho"": ""expõe-a"", ""msg"": ""O pronome “a” se transforma em “na” quando em ênclise após uma vogal nasal.""}]"
315,337,8,2.37,6,1,1,0,0,"[{""trecho"": ""previonava"", ""msg"": ""Encontrado possível erro de ortografia.""}, {""trecho"": ""dps"", ""msg"": ""Encontrado possível erro de ortografia.""}, {""trecho"": ""hove"", ""msg"": ""Encontrado possível erro de ortografia.""}, {""trecho"": ""criticas"", ""msg"": ""Quando escrita sem acento, esta palavra é um verbo. Se pretende referir-se a um substantivo ou adjetivo, deve utilizar a forma acentuada.""}, {""trecho"": ""em relação a"", ""msg"": ""Neste contexto utiliza-se a crase.""}, {""trecho"": ""eista"", ""msg"": ""Encontrado possível erro de ortografia.""}, {""trecho"": ""classico"", ""msg"": ""Encontrado possível erro de ortografia.""}, {""trecho"": ""quando na verdade"", ""msg"": ""Esta locução deve ser separada por vírgulas, e só deve ser utilizada no início duma frase para efeitos de estilo.""}]"
316,339,3,0.88,2,1,0,0,0,"[{""trecho"": ""vêem"", ""msg"": ""Encontrado possível erro de ortografia.""}, {""trecho"": ""prejudicial a"", ""msg"": ""Possível erro de crase.""}, {""trecho"": ""anticoncepicionais"", ""msg"": ""Encontrado possível erro de ortografia.""}]"
317,280,4,1.43,0,2,0,0,2,"[{""trecho"": ""uma substancia"", ""msg"": ""Quando escrita sem acento, esta palavra é um verbo. Se pretende referir-se a um substantivo ou adjetivo, deve utilizar a forma acentuada.""}, {""trecho"": ""uma serie"", ""msg"": ""Quando escrita sem acento, esta palavra é um verbo. Se pretende referir-se a um substantivo ou adjetivo, deve utilizar a forma acentuada.""}, {""trecho"": ""Deve-se frisas"", ""msg"": ""Possível erro de concordância verbal.""}, {""trecho"": ""são responsável"", ""msg"": ""O predicativo tem de concordar em número com o verbo de ligação.""}]"
319,173,3,1.73,0,1,1,0,1,"[{""trecho"": ""conquista por outro lado"", ""msg"": ""Esta locução deve ser separada por vírgulas, e só deve ser utilizada no início duma frase para efeitos de estilo.""}, {""trecho"": ""o O"", ""msg"": ""Possível fragmento.""}, {""trecho"": ""publica"", ""msg"": ""Quando escrita sem acento, esta palavra é um verbo. Se pretende referir-se a um substantivo ou adjetivo, deve utilizar a forma acentuada.""}]"
321,200,1,0.5,1,0,0,0,0,"[{""trecho"": ""ascenção"", ""msg"": ""Encontrado possível erro de ortografia.""}]"
322,242,0,0.0,0,0,0,0,0,[]
325,203,1,0.49,0,1,0,0,0,"[{""trecho"": ""é"", ""msg"": ""Possível erro de concordância de número.""}]"
328,354,3,0.85,3,0,0,0,0,"[{""trecho"": ""EAD"", ""msg"": ""Se estiver se referindo a “ensino a distância”, prefira “EaD”.""}, {""trecho"": ""controvérsas"", ""msg"": ""Encontrado possível erro de ortografia.""}, {""trecho"": ""EAD"", ""msg"": ""Se estiver se referindo a “ensino a distância”, prefira “EaD”.""}]"
330,299,4,1.34,0,2,0,2,0,"[{""trecho"": ""devido a"", ""msg"": ""Neste contexto utiliza-se a crase.""}, {""trecho"": ""Afro-brasileira"", ""msg"": ""Os gentílicos e línguas são escritos em minúsculas.""}, {""trecho"": ""em relação a"", ""msg"": ""Neste contexto utiliza-se a crase.""}, {""trecho"": ""Afro-brasileira"", ""msg"": ""Os gentílicos e línguas são escritos em minúsculas.""}]"
336,231,1,0.43,0,1,0,0,0,"[{""trecho"": ""à uma"", ""msg"": ""Se não se refere a horas não se utiliza a crase.""}]"
338,375,4,1.07,0,1,2,0,1,"[{""trecho"": ""“"", ""msg"": ""Símbolo sem par: “”” aparentemente está ausente""}, {""trecho"": ""“"", ""msg"": ""Símbolo sem par: “”” aparentemente está ausente""}, {""trecho"": ""devem investi"", ""msg"": ""Verbos auxiliares devem ser seguidos de formas verbais no infinitivo ou no gerúndio. Se esse não é o caso, verifique se está faltando uma vírgula entre os dois verbos.""}, {""trecho"": ""em politicas"", ""msg"": ""Quando escrita sem acento, esta palavra é um verbo. Se pretende referir-se a um substantivo ou adjetivo, deve utilizar a forma acentuada.""}]"
339,290,0,0.0,0,0,0,0,0,[]
341,238,2,0.84,1,0,0,0,1,"[{""trecho"": ""auxili"", ""msg"": ""Encontrado possível erro de ortografia.""}, {""trecho"": ""porque"", ""msg"": ""A forma “porquê” é quase sempre precedida por um artigo, um pronome ou numeral, e tem a função de um substantivo.""}]"
346,217,1,0.46,0,0,1,0,0,"[{""trecho"": ""["", ""msg"": ""Símbolo sem par: “]” aparentemente está ausente""}]"
348,207,3,1.45,1,0,1,1,0,"[{""trecho"": ""retrocedencia"", ""msg"": ""Encontrado possível erro de ortografia.""}, {""trecho"": ""ou total desconhecimento ou"", ""msg"": ""Conjunções alternativas ou disjuntivas devem ser separadas por vírgulas.""}, {""trecho"": "", Isto"", ""msg"": "", não encerra frases; portanto, se não for um nome próprio, a palavra seguinte deve ser iniciada com letra minúscula.""}]"
355,238,2,0.84,1,0,1,0,0,"[{""trecho"": ""tm"", ""msg"": ""Encontrado possível erro de ortografia.""}, {""trecho"": ""seja somente mais uma palavra no dicionário e seu significado não seja"", ""msg"": ""Conjunções alternativas ou disjuntivas devem ser separadas por vírgulas.""}]"
364,246,0,0.0,0,0,0,0,0,[]
365,245,1,0.41,0,1,0,0,0,"[{""trecho"": ""em relação a"", ""msg"": ""Neste contexto utiliza-se a crase.""}]"
368,355,2,0.56,0,2,0,0,0,"[{""trecho"": ""chegaram a serem"", ""msg"": ""Verbos auxiliares devem ser seguidos de formas verbais no infinitivo ou no gerúndio. Se esse não é o caso, verifique se está faltando uma vírgula entre os dois verbos.""}, {""trecho"": ""é veiculados"", ""msg"": ""O predicativo tem de concordar em número com o verbo de ligação.""}]"
372,297,4,1.35,2,0,0,0,2,"[{""trecho"": ""estados unidos"", ""msg"": ""Se se refere ao nome geográfico escreva-o com maiúsculas.""}, {""trecho"": ""indivduo"", ""msg"": ""Encontrado possível erro de ortografia.""}, {""trecho"": ""noticias"", ""msg"": ""Quando escrita sem acento, esta palavra é um verbo. Se pretende referir-se a um substantivo ou adjetivo, deve utilizar a forma acentuada.""}, {""trecho"": ""publica"", ""msg"": ""Quando escrita sem acento, esta palavra é um verbo. Se pretende referir-se a um substantivo ou adjetivo, deve utilizar a forma acentuada.""}]"
379,204,0,0.0,0,0,0,0,0,[]
385,197,3,1.52,0,1,1,0,1,"[{""trecho"": ""devido a"", ""msg"": ""Neste contexto utiliza-se a crase.""}, {""trecho"": ""esta"", ""msg"": ""Possível confusão de termos.""}, {""trecho"": ""e além disso"", ""msg"": ""Esta locução deve ser separada por vírgulas, e só deve ser utilizada no início duma frase para efeitos de estilo.""}]"
387,259,2,0.77,0,0,2,0,0,"[{""trecho"": ""e portanto"", ""msg"": ""Esta conjunção deve ser separada por vírgulas e só deve ser utilizada no início duma frase para efeitos de estilo.""}, {""trecho"": ""E além disso"", ""msg"": ""Esta locução deve ser separada por vírgulas, e só deve ser utilizada no início duma frase para efeitos de estilo.""}]"
388,245,1,0.41,1,0,0,0,0,"[{""trecho"": ""imunopreveníveis"", ""msg"": ""Encontrado possível erro de ortografia.""}]"
390,305,0,0.0,0,0,0,0,0,[]
392,279,1,0.36,0,1,0,0,0,"[{""trecho"": ""direitos garantido"", ""msg"": ""Possível erro de concordância de número.""}]"
398,301,0,0.0,0,0,0,0,0,[]
401,291,3,1.03,1,1,1,0,0,"[{""trecho"": ""marionetizar"", ""msg"": ""Encontrado possível erro de ortografia.""}, {""trecho"": ""aquele feita"", ""msg"": ""Possível erro de concordância.""}, {""trecho"": ""crer na verdade"", ""msg"": ""Esta locução deve ser separada por vírgulas, e só deve ser utilizada no início duma frase para efeitos de estilo.""}]"
402,208,11,5.29,7,1,3,0,0,"[{""trecho"": ""No entanto"", ""msg"": ""Esta locução deve ser separada por vírgulas.""}, {""trecho"": ""convem"", ""msg"": ""Encontrado possível erro de ortografia.""}, {""trecho"": ""analizamos"", ""msg"": ""Encontrado possível erro de ortografia.""}, {""trecho"": ""problematica"", ""msg"": ""Encontrado possível erro de ortografia.""}, {""trecho"": ""estàtisticas"", ""msg"": ""Encontrado possível erro de ortografia.""}, {""trecho"": ""seja psicológicos"", ""msg"": ""O predicativo tem de concordar em número com o verbo de ligação.""}, {""trecho"": ""teória"", ""msg"": ""Encontrado possível erro de ortografia.""}, {""trecho"": ""não na prática"", ""msg"": ""Esta locução deve ser separada por vírgulas, e só deve ser utilizada no início duma frase para efeitos de estilo.""}]"
404,358,4,1.12,3,0,1,0,0,"[{""trecho"": ""universal na prática"", ""msg"": ""Esta locução deve ser separada por vírgulas, e só deve ser utilizada no início duma frase para efeitos de estilo.""}, {""trecho"": ""aís"", ""msg"": ""Encontrado possível erro de ortografia.""}, {""trecho"": ""aís"", ""msg"": ""Encontrado possível erro de ortografia.""}, {""trecho"": ""biopesticidas"", ""msg"": ""Encontrado possível erro de ortografia.""}]"
405,263,0,0.0,0,0,0,0,0,[]
406,285,3,1.05,1,2,0,0,0,"[{""trecho"": ""preconceitos racial"", ""msg"": ""Possível erro de concordância de número.""}, {""trecho"": ""voltasse a levando"", ""msg"": ""Verbos auxiliares devem ser seguidos de formas verbais no infinitivo ou no gerúndio. Se esse não é o caso, verifique se está faltando uma vírgula entre os dois verbos.""}, {""trecho"": ""relaçao"", ""msg"": ""Encontrado possível erro de ortografia.""}]"
411,301,2,0.66,0,1,1,0,0,"[{""trecho"": ""sexo por exemplo"", ""msg"": ""Esta locução deve ser separada por vírgulas, e só deve ser utilizada no início duma frase para efeitos de estilo.""}, {""trecho"": ""ensina-los"", ""msg"": ""Possível erro de acentuação.""}]"
420,263,6,2.28,2,3,1,0,0,"[{""trecho"": ""minima"", ""msg"": ""Encontrado possível erro de ortografia.""}, {""trecho"": ""outras problemas"", ""msg"": ""Possível erro de concordância.""}, {""trecho"": ""Como por exemplo"", ""msg"": ""Esta locução deve ser separada por vírgulas, e só deve ser utilizada no início duma frase para efeitos de estilo.""}, {""trecho"": ""em relação a"", ""msg"": ""Neste contexto utiliza-se a crase.""}, {""trecho"": ""pas"", ""msg"": ""Encontrado possível erro de ortografia.""}, {""trecho"": ""prejudicial a"", ""msg"": ""Possível erro de crase.""}]"
423,300,3,1.0,1,1,1,0,0,"[{""trecho"": ""cuminaram"", ""msg"": ""Encontrado possível erro de ortografia.""}, {""trecho"": ""sua peles"", ""msg"": ""Possível erro de concordância de número.""}, {""trecho"": ""e além disso"", ""msg"": ""Esta locução deve ser separada por vírgulas, e só deve ser utilizada no início duma frase para efeitos de estilo.""}]"
424,268,6,2.24,1,4,0,0,1,"[{""trecho"": ""à uma"", ""msg"": ""Se não se refere a horas não se utiliza a crase.""}, {""trecho"": ""à este"", ""msg"": ""Não se usa crase antes do pronome demonstrativo “este”.""}, {""trecho"": ""à respeito"", ""msg"": ""A expressão “a respeito” não usa crase.""}, {""trecho"": ""mal hábito"", ""msg"": ""Confusão do advérbio com o adjetivo. Mau é adjetivo (tal como bom), mal é advérbio (tal como bem).""}, {""trecho"": ""encontrase"", ""msg"": ""Encontrado possível erro de ortografia.""}, {""trecho"": ""à isso"", ""msg"": ""Não se usa crase antes do pronome demonstrativo “isso”.""}]"
436,205,8,3.9,3,3,1,1,0,"[{""trecho"": ""Segunda guerra mundial"", ""msg"": ""Capitalize eventos ou épocas históricas.""}, {""trecho"": ""seja científicos"", ""msg"": ""O predicativo tem de concordar em número com o verbo de ligação.""}, {""trecho"": ""alcançavel"", ""msg"": ""Encontrado possível erro de ortografia.""}, {""trecho"": ""transumanista"", ""msg"": ""Encontrado possível erro de ortografia.""}, {""trecho"": ""contexto Portanto"", ""msg"": ""Esta conjunção deve ser separada por vírgulas e só deve ser utilizada no início duma frase para efeitos de estilo.""}, {""trecho"": ""criaria-se"", ""msg"": ""Em tais casos, deve-se usar a mesóclise em vez da ênclise.""}, {""trecho"": ""Uma aplicações"", ""msg"": ""Possível erro de concordância de número.""}, {""trecho"": ""a à"", ""msg"": ""Duas preposições seguidas. Verifique.""}]"
439,361,10,2.77,2,1,4,0,3,"[{""trecho"": ""encontrava-se"", ""msg"": ""Deve-se usar a próclise quando o verbo for precedido imediatamente por palavras de negação e determinados pronomes, conjunções e advérbios.""}, {""trecho"": ""individuos"", ""msg"": ""Encontrado possível erro de ortografia.""}, {""trecho"": ""No entanto"", ""msg"": ""Esta locução deve ser separada por vírgulas.""}, {""trecho"": ""noticias"", ""msg"": ""Quando escrita sem acento, esta palavra é um verbo. Se pretende referir-se a um substantivo ou adjetivo, deve utilizar a forma acentuada.""}, {""trecho"": ""Em principio"", ""msg"": ""Quando escrita sem acento, esta palavra é um verbo. Se pretende referir-se a um substantivo ou adjetivo, deve utilizar a forma acentuada.""}, {""trecho"": ""De certo"", ""msg"": ""‘De certo’ equivale a ‘de determinado’. Se pretende indicar certeza utilize “decerto”.""}, {""trecho"": ""porém estes"", ""msg"": ""Esta conjugação deve ser separada por vírgulas.""}, {""trecho"": ""necessário Além disso"", ""msg"": ""Esta locução deve ser separada por vírgulas, e só deve ser utilizada no início duma frase para efeitos de estilo.""}]"
444,303,2,0.66,1,1,0,0,0,"[{""trecho"": ""existe"", ""msg"": ""O verbo “existir” não é impessoal e, portanto, exige concordância com o seu sujeito.""}, {""trecho"": ""reinscidência"", ""msg"": ""Encontrado possível erro de ortografia.""}]"
445,310,7,2.26,0,3,2,0,2,"[{""trecho"": ""à uma"", ""msg"": ""Se não se refere a horas não se utiliza a crase.""}, {""trecho"": ""pelas séculos"", ""msg"": ""Possível erro de concordância.""}, {""trecho"": ""pratica"", ""msg"": ""Quando escrita sem acento, esta palavra é um verbo. Se pretende referir-se a um substantivo ou adjetivo, deve utilizar a forma acentuada.""}, {""trecho"": ""à serem"", ""msg"": ""Não se aplica a crase antes de um verbo.""}, {""trecho"": ""nº"", ""msg"": ""As abreviaturas para número são: “n.o” ou “núm.”""}, {""trecho"": ""problemática porém"", ""msg"": ""Esta conjunção deve ser separada por vírgulas e só deve ser utilizada no início duma frase para efeitos de estilo.""}, {""trecho"": ""esta"", ""msg"": ""Possível confusão de termos.""}]"
448,218,1,0.46,1,0,0,0,0,"[{""trecho"": ""patogenos"", ""msg"": ""Encontrado possível erro de ortografia.""}]"
453,464,3,0.65,0,1,1,0,1,"[{""trecho"": ""Tratam-se"", ""msg"": ""Os verbos ‘precisar'/'tratar’ seguidos de ‘-se’ não podem estar no plural devido à preposição ‘de’:""}, {""trecho"": ""Ou transforma o sistema dando uma estrutura física digna ou"", ""msg"": ""Conjunções alternativas ou disjuntivas devem ser separadas por vírgulas.""}, {""trecho"": ""deposito"", ""msg"": ""Quando escrita sem acento, esta palavra é um verbo. Se pretende referir-se a um substantivo ou adjetivo, deve utilizar a forma acentuada.""}]"
456,315,7,2.22,2,1,1,0,3,"[{""trecho"": ""continuo"", ""msg"": ""Quando escrita sem acento, esta palavra é um verbo. Se pretende referir-se a um substantivo ou adjetivo, deve utilizar a forma acentuada.""}, {""trecho"": ""instagram"", ""msg"": ""Você quis dizer “Instagram”?""}, {""trecho"": ""whastApp"", ""msg"": ""Encontrado possível erro de ortografia.""}, {""trecho"": ""comportamentos diferente"", ""msg"": ""Possível erro de concordância de número.""}, {""trecho"": ""esta"", ""msg"": ""Possível confusão de termos.""}, {""trecho"": ""Portanto preservar"", ""msg"": ""Esta conjugação deve ser separada por vírgulas.""}, {""trecho"": ""noticias"", ""msg"": ""Quando escrita sem acento, esta palavra é um verbo. Se pretende referir-se a um substantivo ou adjetivo, deve utilizar a forma acentuada.""}]"
458,332,2,0.6,0,0,2,0,0,"[{""trecho"": ""etc..."", ""msg"": ""‘etc.’ deixa em aberto a enumeração.""}, {""trecho"": "".."", ""msg"": ""Dois pontos consecutivos""}]"
468,338,2,0.59,0,1,1,0,0,"[{""trecho"": "" etc"", ""msg"": ""Deve-se utilizar a vírgula antes de ‘etc.’.""}, {""trecho"": ""seria preciso uma quantidade"", ""msg"": ""Erro de concordância.""}]"
486,335,4,1.19,1,1,1,1,0,"[{""trecho"": ""Porém com"", ""msg"": ""Esta conjugação deve ser separada por vírgulas.""}, {""trecho"": ""tm"", ""msg"": ""Encontrado possível erro de ortografia.""}, {""trecho"": ""tm"", ""msg"": ""Unidades do Sistema Internacional superiores a “quilo” são escritas com maiúsculas.""}, {""trecho"": ""devido a"", ""msg"": ""Neste contexto utiliza-se a crase.""}]"
489,221,5,2.26,4,1,0,0,0,"[{""trecho"": ""pretente"", ""msg"": ""Encontrado possível erro de ortografia.""}, {""trecho"": ""necessidadede"", ""msg"": ""Encontrado possível erro de ortografia.""}, {""trecho"": ""devido a"", ""msg"": ""Neste contexto utiliza-se a crase.""}, {""trecho"": ""requesitos"", ""msg"": ""Encontrado possível erro de ortografia.""}, {""trecho"": ""utlizá"", ""msg"": ""Encontrado possível erro de ortografia.""}]"
491,429,6,1.4,0,3,1,0,2,"[{""trecho"": ""ás"", ""msg"": ""Possível confusão de termos. A contração (a+as) escreve-se com acento grave.""}, {""trecho"": ""observa-se casos"", ""msg"": ""Possível erro de concordância verbal.""}, {""trecho"": "",."", ""msg"": ""Pontuação duplicada""}, {""trecho"": ""iniciou-se protestos"", ""msg"": ""Possível erro de concordância verbal.""}, {""trecho"": ""tornou-se violentos"", ""msg"": ""Possível erro de concordância verbal.""}, {""trecho"": ""sobre assedio"", ""msg"": ""Quando escrita sem acento, esta palavra é um verbo. Se pretende referir-se a um substantivo ou adjetivo, deve utilizar a forma acentuada.""}]"
492,489,5,1.02,0,4,1,0,0,"[{""trecho"": ""as esferas governamentais deve"", ""msg"": ""Possível erro de concordância verbal.""}, {""trecho"": ""Além disso"", ""msg"": ""Esta locução deve ser separada por vírgulas.""}, {""trecho"": ""o escritos"", ""msg"": ""Possível erro de concordância de número.""}, {""trecho"": ""os más"", ""msg"": ""Possível erro de concordância.""}, {""trecho"": ""seu seguidores"", ""msg"": ""Possível erro de concordância de número.""}]"
496,245,0,0.0,0,0,0,0,0,[]
498,253,2,0.79,2,0,0,0,0,"[{""trecho"": ""técnologicos"", ""msg"": ""Encontrado possível erro de ortografia.""}, {""trecho"": ""diminuiddi"", ""msg"": ""Encontrado possível erro de ortografia.""}]"
500,383,1,0.26,0,1,0,0,0,"[{""trecho"": ""são"", ""msg"": ""De acordo com a gramática tradicional, o verbo permanece no singular, visto que o ‘sujeito’ está preposicionado.""}]"
504,331,2,0.6,0,1,1,0,0,"[{""trecho"": ""tornam-se"", ""msg"": ""Deve-se usar a próclise quando o verbo for precedido imediatamente por palavras de negação e determinados pronomes, conjunções e advérbios.""}, {""trecho"": ""como por exemplo"", ""msg"": ""Esta locução deve ser separada por vírgulas, e só deve ser utilizada no início duma frase para efeitos de estilo.""}]"
515,243,4,1.65,0,1,3,0,0,"[{""trecho"": ""chamados hotspot"", ""msg"": ""Possível erro de concordância de número.""}, {""trecho"": ""Portanto nota-se"", ""msg"": ""Esta conjugação deve ser separada por vírgulas.""}, {""trecho"": ""Porém devido"", ""msg"": ""Esta conjugação deve ser separada por vírgulas.""}, {""trecho"": ""como por exemplo a"", ""msg"": ""Esta locução deve ser separada por vírgulas, e só deve ser utilizada no início duma frase para efeitos de estilo.""}]"
516,352,0,0.0,0,0,0,0,0,[]
517,229,4,1.75,1,1,0,1,1,"[{""trecho"": ""analbetismo"", ""msg"": ""Encontrado possível erro de ortografia.""}, {""trecho"": ""as escolas públicas tem"", ""msg"": ""Possível erro de concordância verbal.""}, {""trecho"": ""Evidência-se"", ""msg"": ""Se pretende utilizar o verbo, não deve acentuar a palavra.""}, {""trecho"": "", Desse"", ""msg"": "", não encerra frases; portanto, se não for um nome próprio, a palavra seguinte deve ser iniciada com letra minúscula.""}]"
519,287,3,1.05,2,0,0,1,0,"[{""trecho"": ""autotitulada"", ""msg"": ""Encontrado possível erro de ortografia.""}, {""trecho"": ""creators"", ""msg"": ""Encontrado possível erro de ortografia.""}, {""trecho"": "": Tu"", ""msg"": "": não encerra frases; portanto, se não for um nome próprio, a palavra seguinte deve ser iniciada com letra minúscula.""}]"
529,331,2,0.6,1,1,0,0,0,"[{""trecho"": ""das proposta"", ""msg"": ""Possível erro de concordância de número.""}, {""trecho"": ""ews"", ""msg"": ""Encontrado possível erro de ortografia.""}]"
534,349,8,2.29,3,5,0,0,0,"[{""trecho"": ""à a"", ""msg"": ""Duas preposições seguidas. Verifique.""}, {""trecho"": ""precisa-se"", ""msg"": ""Deve-se usar a próclise quando o verbo for precedido imediatamente por palavras de negação e determinados pronomes, conjunções e advérbios.""}, {""trecho"": ""pontualemente"", ""msg"": ""Encontrado possível erro de ortografia.""}, {""trecho"": ""leigidade"", ""msg"": ""Encontrado possível erro de ortografia.""}, {""trecho"": ""gravidez indesejadas"", ""msg"": ""Possível erro de concordância de número.""}, {""trecho"": ""legaligalidade"", ""msg"": ""Encontrado possível erro de ortografia.""}, {""trecho"": ""à visto"", ""msg"": ""Não se utiliza a crase antes de palavras masculinas.""}, {""trecho"": ""com por"", ""msg"": ""Duas preposições seguidas. Verifique.""}]"
536,202,2,0.99,1,1,0,0,0,"[{""trecho"": ""considere-o"", ""msg"": ""Deve-se usar a próclise quando o verbo for precedido imediatamente por palavras de negação e determinados pronomes, conjunções e advérbios.""}, {""trecho"": ""includente"", ""msg"": ""Encontrado possível erro de ortografia.""}]"
541,270,6,2.22,2,2,1,0,1,"[{""trecho"": ""esta"", ""msg"": ""Possível confusão de termos.""}, {""trecho"": ""ediondos"", ""msg"": ""Encontrado possível erro de ortografia.""}, {""trecho"": ""poderíam"", ""msg"": ""Encontrado possível erro de ortografia.""}, {""trecho"": ""acesso a"", ""msg"": ""Possível erro de crase.""}, {""trecho"": ""Portanto diante"", ""msg"": ""Esta conjugação deve ser separada por vírgulas.""}, {""trecho"": ""é necessário uma ação"", ""msg"": ""Erro de concordância.""}]"
554,250,4,1.6,3,1,0,0,0,"[{""trecho"": ""devido a"", ""msg"": ""Neste contexto utiliza-se a crase.""}, {""trecho"": ""á"", ""msg"": ""Verifique se não quis escrever “à” ou “a”.""}, {""trecho"": ""á"", ""msg"": ""Verifique se não quis escrever “à” ou “a”.""}, {""trecho"": ""á"", ""msg"": ""Verifique se não quis escrever “à” ou “a”.""}]"
564,422,4,0.95,1,2,1,0,0,"[{""trecho"": ""portanto a"", ""msg"": ""Esta conjugação deve ser separada por vírgulas.""}, {""trecho"": ""pára"", ""msg"": ""Encontrado possível erro de ortografia.""}, {""trecho"": ""pode-se"", ""msg"": ""Deve-se usar a próclise quando o verbo for precedido imediatamente por palavras de negação e determinados pronomes, conjunções e advérbios.""}, {""trecho"": ""descobriu-se"", ""msg"": ""Deve-se usar a próclise quando o verbo for precedido imediatamente por palavras de negação e determinados pronomes, conjunções e advérbios.""}]"
568,256,2,0.78,0,2,0,0,0,"[{""trecho"": ""à armas"", ""msg"": ""Verifique se a crase não deve estar no plural. Caso contrário, não se utiliza a crase.""}, {""trecho"": ""à assaltos"", ""msg"": ""Não se utiliza a crase antes de palavras masculinas.""}]"
574,241,1,0.41,0,0,0,0,1,"[{""trecho"": ""as politicas"", ""msg"": ""Quando escrita sem acento, esta palavra é um verbo. Se pretende referir-se a um substantivo ou adjetivo, deve utilizar a forma acentuada.""}]"
576,213,4,1.88,3,0,1,0,0,"[{""trecho"": ""dicussões"", ""msg"": ""Encontrado possível erro de ortografia.""}, {""trecho"": ""necessário portanto"", ""msg"": ""Esta conjunção deve ser separada por vírgulas e só deve ser utilizada no início duma frase para efeitos de estilo.""}, {""trecho"": ""pódium"", ""msg"": ""Encontrado possível erro de ortografia.""}, {""trecho"": ""conqusita"", ""msg"": ""Encontrado possível erro de ortografia.""}]"
588,210,2,0.95,1,1,0,0,0,"[{""trecho"": ""poderá"", ""msg"": ""O verbo “ocorrer” não é impessoal e, portanto, exige concordância entre o sujeito e o verbo auxiliar.""}, {""trecho"": ""brasielira"", ""msg"": ""Encontrado possível erro de ortografia.""}]"
594,382,6,1.57,1,3,2,0,0,"[{""trecho"": ""eles deixou"", ""msg"": ""Possível erro de concordância verbal.""}, {""trecho"": "" etc"", ""msg"": ""Deve-se utilizar a vírgula antes de ‘etc.’.""}, {""trecho"": "". Além disso"", ""msg"": ""Esta locução deve ser separada por vírgulas, e só deve ser utilizada no início duma frase para efeitos de estilo.""}, {""trecho"": ""as olimpíadas é"", ""msg"": ""Possível erro de concordância verbal.""}, {""trecho"": ""As olimpíadas é"", ""msg"": ""Possível erro de concordância verbal.""}, {""trecho"": ""dopping"", ""msg"": ""Encontrado possível erro de ortografia.""}]"
597,202,1,0.5,0,0,1,0,0,"[{""trecho"": ""-,"", ""msg"": ""Remova a vírgula após o travessão, exceto em discurso direto ou quando separar orações.""}]"
604,255,4,1.57,2,0,1,0,1,"[{""trecho"": ""refugio"", ""msg"": ""Quando escrita sem acento, esta palavra é um verbo. Se pretende referir-se a um substantivo ou adjetivo, deve utilizar a forma acentuada.""}, {""trecho"": ""Outrossim mesmo"", ""msg"": ""Esta conjugação deve ser separada por vírgulas.""}, {""trecho"": ""Alem"", ""msg"": ""‘Alem’ é uma forma do verbo ‘alar’. O advérbio escreve-se “além”.""}, {""trecho"": ""á"", ""msg"": ""Verifique se não quis escrever “à” ou “a”.""}]"
605,250,0,0.0,0,0,0,0,0,[]
609,331,1,0.3,0,1,0,0,0,"[{""trecho"": ""acreditava-se"", ""msg"": ""Deve-se usar a próclise quando o verbo for precedido imediatamente por palavras de negação e determinados pronomes, conjunções e advérbios.""}]"
615,289,0,0.0,0,0,0,0,0,[]
623,270,1,0.37,0,1,0,0,0,"[{""trecho"": ""o suficientes"", ""msg"": ""Possível erro de concordância de número.""}]"
626,370,3,0.81,3,0,0,0,0,"[{""trecho"": ""visiabilidade"", ""msg"": ""Encontrado possível erro de ortografia.""}, {""trecho"": ""européia"", ""msg"": ""Encontrado possível erro de ortografia.""}, {""trecho"": ""visiabilidade"", ""msg"": ""Encontrado possível erro de ortografia.""}]"
627,303,4,1.32,1,0,2,0,1,"[{""trecho"": ""Youtube"", ""msg"": ""Você quis dizer “YouTube”?""}, {""trecho"": ""\"""", ""msg"": ""Símbolo sem par: “\""” aparentemente está ausente""}, {""trecho"": ""”"", ""msg"": ""Símbolo sem par: ““” aparentemente está ausente""}, {""trecho"": ""pratica"", ""msg"": ""Quando escrita sem acento, esta palavra é um verbo. Se pretende referir-se a um substantivo ou adjetivo, deve utilizar a forma acentuada.""}]"
629,170,0,0.0,0,0,0,0,0,[]
631,374,11,2.94,2,2,4,0,3,"[{""trecho"": ""além disso"", ""msg"": ""Esta locução deve ser separada por vírgulas.""}, {""trecho"": ""porque"", ""msg"": ""Se “porque” expressar um questionamento, considere escrever “por que”. Se for uma afirmação, pondere alterar para “é porque”.""}, {""trecho"": ""“"", ""msg"": ""Símbolo sem par: “”” aparentemente está ausente""}, {""trecho"": ""joesley"", ""msg"": ""Encontrado possível erro de ortografia.""}, {""trecho"": ""porém o"", ""msg"": ""Esta conjugação deve ser separada por vírgulas.""}, {""trecho"": ""mior"", ""msg"": ""Encontrado possível erro de ortografia.""}, {""trecho"": ""influencia"", ""msg"": ""Quando escrita sem acento, esta palavra é um verbo. Se pretende referir-se a um substantivo ou adjetivo, deve utilizar a forma acentuada.""}, {""trecho"": ""duvidas"", ""msg"": ""Quando escrita sem acento, esta palavra é um verbo. Se pretende referir-se a um substantivo ou adjetivo, deve utilizar a forma acentuada.""}]"
640,538,6,1.12,1,5,0,0,0,"[{""trecho"": ""outros trecho"", ""msg"": ""Possível erro de concordância de número.""}, {""trecho"": ""à práticas"", ""msg"": ""Verifique se a crase não deve estar no plural. Caso contrário, não se utiliza a crase.""}, {""trecho"": ""es"", ""msg"": ""Encontrado possível erro de ortografia.""}, {""trecho"": ""um técnica"", ""msg"": ""Possível erro de concordância.""}, {""trecho"": ""mesmo"", ""msg"": ""Erro de concordância de número: “mesmos”""}, {""trecho"": ""As universidades poderia"", ""msg"": ""Possível erro de concordância verbal.""}]"
643,228,4,1.75,3,0,1,0,0,"[{""trecho"": ""ciêntistas"", ""msg"": ""Encontrado possível erro de ortografia.""}, {""trecho"": ""en"", ""msg"": ""Encontrado possível erro de ortografia.""}, {""trecho"": ""permaneção"", ""msg"": ""Encontrado possível erro de ortografia.""}, {""trecho"": ""mater"", ""msg"": ""Se é uma abreviatura, falta um ponto. Se for uma expressão, coloque entre aspas.""}]"
645,263,2,0.76,1,1,0,0,0,"[{""trecho"": ""exponecialmente"", ""msg"": ""Encontrado possível erro de ortografia.""}, {""trecho"": ""acesso a"", ""msg"": ""Possível erro de crase.""}]"
649,390,7,1.79,1,3,3,0,0,"[{""trecho"": ""unico"", ""msg"": ""Encontrado possível erro de ortografia.""}, {""trecho"": ""deficiências pois"", ""msg"": ""Esta conjunção deve ser separada por vírgulas e só deve ser utilizada no início duma frase para efeitos de estilo.""}, {""trecho"": ""Outrossim é"", ""msg"": ""Esta conjugação deve ser separada por vírgulas.""}, {""trecho"": ""devido a"", ""msg"": ""Neste contexto utiliza-se a crase.""}, {""trecho"": ""notório avanços"", ""msg"": ""Possível erro de concordância de número.""}, {""trecho"": ""as negligência"", ""msg"": ""Possível erro de concordância de número.""}, {""trecho"": ""\"""", ""msg"": ""Símbolo sem par: “\""” aparentemente está ausente""}]"
651,182,1,0.55,0,0,1,0,0,"[{""trecho"": ""Outrossim é"", ""msg"": ""Esta conjugação deve ser separada por vírgulas.""}]"
656,365,1,0.27,0,0,1,0,0,"[{""trecho"": ""tomada pois"", ""msg"": ""Esta conjunção deve ser separada por vírgulas e só deve ser utilizada no início duma frase para efeitos de estilo.""}]"
666,323,2,0.62,1,1,0,0,0,"[{""trecho"": ""papeis"", ""msg"": ""Quando escrita sem acento, esta palavra é um verbo. Se pretende referir-se a um substantivo ou adjetivo, deve utilizar a forma acentuada.""}, {""trecho"": ""um repressão"", ""msg"": ""Possível erro de concordância.""}]"
674,343,1,0.29,0,0,1,0,0,"[{""trecho"": ""ou partidos manifestarem opiniões opostas ou"", ""msg"": ""Conjunções alternativas ou disjuntivas devem ser separadas por vírgulas.""}]"
675,382,1,0.26,0,1,0,0,0,"[{""trecho"": ""dos digital"", ""msg"": ""Possível erro de concordância.""}]"
676,417,1,0.24,0,1,0,0,0,"[{""trecho"": ""faz-se"", ""msg"": ""Deve-se usar a próclise quando o verbo for precedido imediatamente por palavras de negação e determinados pronomes, conjunções e advérbios.""}]"
679,335,1,0.3,1,0,0,0,0,"[{""trecho"": ""seria"", ""msg"": ""Quando escrita sem acento, esta palavra é um verbo. Se pretende referir-se a um substantivo ou adjetivo, deve utilizar a forma acentuada.""}]"
682,341,4,1.17,0,1,1,0,2,"[{""trecho"": ""deposito"", ""msg"": ""Quando escrita sem acento, esta palavra é um verbo. Se pretende referir-se a um substantivo ou adjetivo, deve utilizar a forma acentuada.""}, {""trecho"": ""gente entregues"", ""msg"": ""Possível erro de concordância de número.""}, {""trecho"": ""no presidio"", ""msg"": ""Quando escrita sem acento, esta palavra é um verbo. Se pretende referir-se a um substantivo ou adjetivo, deve utilizar a forma acentuada.""}, {""trecho"": ""nem no Brasil nem"", ""msg"": ""Conjunções alternativas ou disjuntivas devem ser separadas por vírgulas.""}]"
684,279,1,0.36,0,1,0,0,0,"[{""trecho"": ""em relação a"", ""msg"": ""Neste contexto utiliza-se a crase.""}]"
690,345,3,0.87,0,0,1,0,2,"[{""trecho"": ""publica"", ""msg"": ""Quando escrita sem acento, esta palavra é um verbo. Se pretende referir-se a um substantivo ou adjetivo, deve utilizar a forma acentuada.""}, {""trecho"": ""publica"", ""msg"": ""Quando escrita sem acento, esta palavra é um verbo. Se pretende referir-se a um substantivo ou adjetivo, deve utilizar a forma acentuada.""}, {""trecho"": ""ou seja"", ""msg"": ""Esta locução deve ser separada por vírgulas.""}]"
699,217,4,1.84,3,0,0,1,0,"[{""trecho"": ""coronavrus"", ""msg"": ""Encontrado possível erro de ortografia.""}, {""trecho"": "", Além"", ""msg"": "", não encerra frases; portanto, se não for um nome próprio, a palavra seguinte deve ser iniciada com letra minúscula.""}, {""trecho"": ""coronavirus"", ""msg"": ""Encontrado possível erro de ortografia.""}, {""trecho"": ""investam"", ""msg"": ""Encontrado possível erro de ortografia.""}]"
702,380,6,1.58,3,1,2,0,0,"[{""trecho"": ""ora por sua diligência ora"", ""msg"": ""Conjunções alternativas ou disjuntivas devem ser separadas por vírgulas.""}, {""trecho"": ""imprescíndivel"", ""msg"": ""Encontrado possível erro de ortografia.""}, {""trecho"": ""insentivo"", ""msg"": ""Encontrado possível erro de ortografia.""}, {""trecho"": ""cidadaõs"", ""msg"": ""Encontrado possível erro de ortografia.""}, {""trecho"": ""torne-se"", ""msg"": ""Deve-se usar a próclise quando o verbo for precedido imediatamente por palavras de negação e determinados pronomes, conjunções e advérbios.""}, {""trecho"": "".."", ""msg"": ""Dois pontos consecutivos""}]"
703,255,3,1.18,2,0,0,0,1,"[{""trecho"": ""traz"", ""msg"": ""Substitua por “trás”.""}, {""trecho"": ""eçe"", ""msg"": ""Encontrado possível erro de ortografia.""}, {""trecho"": ""encomodem"", ""msg"": ""Encontrado possível erro de ortografia.""}]"
704,290,2,0.69,0,1,1,0,0,"[{""trecho"": ""universal na prática"", ""msg"": ""Esta locução deve ser separada por vírgulas, e só deve ser utilizada no início duma frase para efeitos de estilo.""}, {""trecho"": ""à combater"", ""msg"": ""Não se aplica a crase antes de um verbo.""}]"
716,302,2,0.66,0,0,1,1,0,"[{""trecho"": "": Não"", ""msg"": "": não encerra frases; portanto, se não for um nome próprio, a palavra seguinte deve ser iniciada com letra minúscula.""}, {""trecho"": ""aí sim"", ""msg"": ""Esta locução deve ser separada por vírgulas.""}]"
721,255,0,0.0,0,0,0,0,0,[]
724,277,3,1.08,2,0,0,0,1,"[{""trecho"": ""hastags"", ""msg"": ""Encontrado possível erro de ortografia.""}, {""trecho"": ""discursão"", ""msg"": ""Encontrado possível erro de ortografia.""}, {""trecho"": ""de politicas"", ""msg"": ""Quando escrita sem acento, esta palavra é um verbo. Se pretende referir-se a um substantivo ou adjetivo, deve utilizar a forma acentuada.""}]"
727,325,3,0.92,1,1,1,0,0,"[{""trecho"": ""existententes"", ""msg"": ""Encontrado possível erro de ortografia.""}, {""trecho"": ""à seu"", ""msg"": ""Não se utiliza a crase antes de palavras masculinas.""}, {""trecho"": ""traição porém"", ""msg"": ""Esta conjunção deve ser separada por vírgulas e só deve ser utilizada no início duma frase para efeitos de estilo.""}]"
728,356,2,0.56,2,0,0,0,0,"[{""trecho"": ""ploriferados"", ""msg"": ""Encontrado possível erro de ortografia.""}, {""trecho"": ""falhamente"", ""msg"": ""Encontrado possível erro de ortografia.""}]"
729,337,3,0.89,2,0,1,0,0,"[{""trecho"": ""inciou"", ""msg"": ""Encontrado possível erro de ortografia.""}, {""trecho"": ""mas por outro lado"", ""msg"": ""Esta locução deve ser separada por vírgulas, e só deve ser utilizada no início duma frase para efeitos de estilo.""}, {""trecho"": ""aligeiramente"", ""msg"": ""Encontrado possível erro de ortografia.""}]"
738,318,1,0.31,0,0,1,0,0,"[{""trecho"": ""* Portanto"", ""msg"": ""Esta conjunção deve ser separada por vírgulas e só deve ser utilizada no início duma frase para efeitos de estilo.""}]"
744,312,1,0.32,0,1,0,0,0,"[{""trecho"": ""é necessário uma mudança"", ""msg"": ""Erro de concordância.""}]"
747,300,1,0.33,0,0,1,0,0,"[{""trecho"": ""como por exemplo"", ""msg"": ""Esta locução deve ser separada por vírgulas, e só deve ser utilizada no início duma frase para efeitos de estilo.""}]"
749,295,0,0.0,0,0,0,0,0,[]
752,333,6,1.8,4,1,1,0,0,"[{""trecho"": ""á"", ""msg"": ""Verifique se não quis escrever “à” ou “a”.""}, {""trecho"": ""\"""", ""msg"": ""Símbolo sem par: “\""” aparentemente está ausente""}, {""trecho"": ""acesso a"", ""msg"": ""Possível erro de crase.""}, {""trecho"": ""influênces"", ""msg"": ""Encontrado possível erro de ortografia.""}, {""trecho"": ""inflênces"", ""msg"": ""Encontrado possível erro de ortografia.""}, {""trecho"": ""asaim"", ""msg"": ""Encontrado possível erro de ortografia.""}]"
754,383,0,0.0,0,0,0,0,0,[]
755,279,1,0.36,1,0,0,0,0,"[{""trecho"": ""ccomo"", ""msg"": ""Encontrado possível erro de ortografia.""}]"
757,362,4,1.1,2,1,1,0,0,"[{""trecho"": ""desagrádavel"", ""msg"": ""Encontrado possível erro de ortografia.""}, {""trecho"": ""Porém ainda"", ""msg"": ""Esta conjugação deve ser separada por vírgulas.""}, {""trecho"": ""atletas sul-africana"", ""msg"": ""Possível erro de concordância de número.""}, {""trecho"": ""proporcionamento"", ""msg"": ""Encontrado possível erro de ortografia.""}]"
758,393,3,0.76,2,1,0,0,0,"[{""trecho"": ""pater"", ""msg"": ""Encontrado possível erro de ortografia.""}, {""trecho"": ""papis"", ""msg"": ""Encontrado possível erro de ortografia.""}, {""trecho"": ""do seus"", ""msg"": ""Possível erro de concordância de número.""}]"
762,250,1,0.4,0,1,0,0,0,"[{""trecho"": ""devido a"", ""msg"": ""Neste contexto utiliza-se a crase.""}]"
770,261,2,0.77,0,1,1,0,0,"[{""trecho"": ""\"""", ""msg"": ""Símbolo sem par: “\""” aparentemente está ausente""}, {""trecho"": ""os político"", ""msg"": ""Possível erro de concordância de número.""}]"
771,396,1,0.25,1,0,0,0,0,"[{""trecho"": ""bbrasileira"", ""msg"": ""Encontrado possível erro de ortografia.""}]"
773,322,5,1.55,2,3,0,0,0,"[{""trecho"": ""suplir"", ""msg"": ""Encontrado possível erro de ortografia.""}, {""trecho"": ""todos indivíduos"", ""msg"": ""Se ‘indivíduos’ é um substantivo, ‘todos’ no plural exige um segundo artigo.""}, {""trecho"": ""leitos suficiente"", ""msg"": ""Possível erro de concordância de número.""}, {""trecho"": ""cujo o"", ""msg"": ""O pronome relativo ‘cujo’ tem de estar ligado a um substantivo, adjetivo ou numeral.""}, {""trecho"": ""depedem"", ""msg"": ""Encontrado possível erro de ortografia.""}]"
780,163,1,0.61,0,1,0,0,0,"[{""trecho"": ""supracitados ensinamento"", ""msg"": ""Possível erro de concordância de número.""}]"
789,271,0,0.0,0,0,0,0,0,[]
790,359,2,0.56,1,1,0,0,0,"[{""trecho"": ""pelo o"", ""msg"": ""Possível fragmento.""}, {""trecho"": ""necessári"", ""msg"": ""Encontrado possível erro de ortografia.""}]"
792,229,0,0.0,0,0,0,0,0,[]
793,297,3,1.01,0,2,1,0,0,"[{""trecho"": ""todos as"", ""msg"": ""Possível erro de concordância.""}, {""trecho"": ""\"""", ""msg"": ""Símbolo sem par: “\""” aparentemente está ausente""}, {""trecho"": ""do tratamentos"", ""msg"": ""Possível erro de concordância de número.""}]"
795,332,4,1.2,0,3,1,0,0,"[{""trecho"": ""\"""", ""msg"": ""Símbolo sem par: “\""” aparentemente está ausente""}, {""trecho"": ""um definição"", ""msg"": ""Possível erro de concordância.""}, {""trecho"": ""bem-estar assegurados"", ""msg"": ""Possível erro de concordância de número.""}, {""trecho"": ""privá-los"", ""msg"": ""Deve-se usar a próclise quando o verbo for precedido imediatamente por palavras de negação e determinados pronomes, conjunções e advérbios.""}]"
798,303,1,0.33,0,1,0,0,0,"[{""trecho"": ""em relação a"", ""msg"": ""Neste contexto utiliza-se a crase.""}]"
800,344,5,1.45,1,2,1,0,1,"[{""trecho"": ""devido a"", ""msg"": ""Neste contexto utiliza-se a crase.""}, {""trecho"": ""llegislativa"", ""msg"": ""Encontrado possível erro de ortografia.""}, {""trecho"": ""parceira com"", ""msg"": ""Possível confusão de termos.""}, {""trecho"": ""além disso"", ""msg"": ""Esta locução deve ser separada por vírgulas.""}, {""trecho"": ""torne-se cidadãos relutantes"", ""msg"": ""Possível erro de concordância verbal.""}]"
802,298,1,0.34,1,0,0,0,0,"[{""trecho"": ""servio"", ""msg"": ""Encontrado possível erro de ortografia.""}]"
810,400,1,0.25,0,1,0,0,0,"[{""trecho"": ""acarretar em"", ""msg"": ""Este verbo não se rege com a proposição “em”.""}]"
811,324,0,0.0,0,0,0,0,0,[]
814,403,0,0.0,0,0,0,0,0,[]
815,411,1,0.24,1,0,0,0,0,"[{""trecho"": ""molétias"", ""msg"": ""Encontrado possível erro de ortografia.""}]"
822,391,3,0.77,2,0,1,0,0,"[{""trecho"": ""parato"", ""msg"": ""Encontrado possível erro de ortografia.""}, {""trecho"": ""statal"", ""msg"": ""Encontrado possível erro de ortografia.""}, {""trecho"": ""\"""", ""msg"": ""Símbolo sem par: “\""” aparentemente está ausente""}]"
823,313,2,0.64,0,2,0,0,0,"[{""trecho"": ""representa-las"", ""msg"": ""Possível erro de acentuação.""}, {""trecho"": ""rotula-las"", ""msg"": ""Possível erro de acentuação.""}]"
825,363,3,0.83,2,1,0,0,0,"[{""trecho"": ""acesso internet"", ""msg"": ""Possível erro de concordância.""}, {""trecho"": ""rentorno"", ""msg"": ""Encontrado possível erro de ortografia.""}, {""trecho"": ""obejtivo"", ""msg"": ""Encontrado possível erro de ortografia.""}]"
827,389,2,0.51,0,1,1,0,0,"[{""trecho"": ""\"""", ""msg"": ""Símbolo sem par: “\""” aparentemente está ausente""}, {""trecho"": ""todos cidadãos"", ""msg"": ""Se ‘cidadãos’ é um substantivo, ‘todos’ no plural exige um segundo artigo.""}]"
835,263,0,0.0,0,0,0,0,0,[]
839,319,1,0.31,0,1,0,0,0,"[{""trecho"": ""podem"", ""msg"": ""Após verbos que expressam dúvidas, desejos e hipóteses, como “temer”, prefira usar o subjuntivo.""}]"
841,398,4,1.01,0,4,0,0,0,"[{""trecho"": ""esses serviços não garante"", ""msg"": ""Possível erro de concordância verbal.""}, {""trecho"": ""acesso a"", ""msg"": ""Possível erro de crase.""}, {""trecho"": ""o lucratividade"", ""msg"": ""Possível erro de concordância.""}, {""trecho"": ""de de"", ""msg"": ""Duas preposições seguidas. Verifique.""}]"
844,357,2,0.56,1,0,1,0,0,"[{""trecho"": ""que na verdade"", ""msg"": ""Esta locução deve ser separada por vírgulas, e só deve ser utilizada no início duma frase para efeitos de estilo.""}, {""trecho"": ""á"", ""msg"": ""Verifique se não quis escrever “à” ou “a”.""}]"
846,338,4,1.18,1,3,0,0,0,"[{""trecho"": ""uol"", ""msg"": ""Encontrado possível erro de ortografia.""}, {""trecho"": ""acarretar em"", ""msg"": ""Este verbo não se rege com a proposição “em”.""}, {""trecho"": ""cujo o"", ""msg"": ""O pronome relativo ‘cujo’ tem de estar ligado a um substantivo, adjetivo ou numeral.""}, {""trecho"": ""acarretaria na"", ""msg"": ""Este verbo não se rege com a proposição “em”.""}]"
854,326,1,0.31,0,1,0,0,0,"[{""trecho"": ""observa-se casos"", ""msg"": ""Possível erro de concordância verbal.""}]"
863,316,0,0.0,0,0,0,0,0,[]
868,278,1,0.36,0,0,0,0,1,"[{""trecho"": ""os privilegios"", ""msg"": ""Quando escrita sem acento, esta palavra é um verbo. Se pretende referir-se a um substantivo ou adjetivo, deve utilizar a forma acentuada.""}]"
875,437,2,0.46,0,1,1,0,0,"[{""trecho"": ""etc"", ""msg"": ""Se é uma abreviatura, falta um ponto. Se for uma expressão, coloque entre aspas.""}, {""trecho"": ""devido a"", ""msg"": ""Neste contexto utiliza-se a crase.""}]"
879,394,1,0.25,0,1,0,0,0,"[{""trecho"": ""acarretaria na"", ""msg"": ""Este verbo não se rege com a proposição “em”.""}]"
881,304,1,0.33,0,1,0,0,0,"[{""trecho"": ""recorram a"", ""msg"": ""Esta palavra rege-se com a preposição “a”.""}]"
886,267,0,0.0,0,0,0,0,0,[]
889,297,2,0.67,0,2,0,0,0,"[{""trecho"": ""destacam-se a morosidade"", ""msg"": ""Possível erro de concordância verbal.""}, {""trecho"": ""deram-se após o fim"", ""msg"": ""Possível erro de concordância verbal.""}]"
898,319,1,0.31,1,0,0,0,0,"[{""trecho"": ""ostracização"", ""msg"": ""Encontrado possível erro de ortografia.""}]"
900,430,0,0.0,0,0,0,0,0,[]
902,368,1,0.27,0,1,0,0,0,"[{""trecho"": ""agradar a"", ""msg"": ""Esta palavra rege-se com a preposição “a”.""}]"
903,303,0,0.0,0,0,0,0,0,[]
905,360,34,9.44,21,6,0,4,3,"[{""trecho"": ""socias"", ""msg"": ""Encontrado possível erro de ortografia.""}, {""trecho"": ""epécie"", ""msg"": ""Encontrado possível erro de ortografia.""}, {""trecho"": ""diario"", ""msg"": ""Encontrado possível erro de ortografia.""}, {""trecho"": ""devido a"", ""msg"": ""Neste contexto utiliza-se a crase.""}, {""trecho"": "", Primeiramente"", ""msg"": "", não encerra frases; portanto, se não for um nome próprio, a palavra seguinte deve ser iniciada com letra minúscula.""}, {""trecho"": "", Segundo"", ""msg"": "", não encerra frases; portanto, se não for um nome próprio, a palavra seguinte deve ser iniciada com letra minúscula.""}, {""trecho"": ""ve"", ""msg"": ""Encontrado possível erro de ortografia.""}, {""trecho"": ""influencia"", ""msg"": ""Quando escrita sem acento, esta palavra é um verbo. Se pretende referir-se a um substantivo ou adjetivo, deve utilizar a forma acentuada.""}]"
908,313,2,0.64,1,1,0,0,0,"[{""trecho"": ""cendo"", ""msg"": ""Encontrado possível erro de ortografia.""}, {""trecho"": ""pode"", ""msg"": ""O verbo “chegar” não é impessoal e, portanto, exige concordância entre o sujeito e o verbo auxiliar.""}]"
909,371,0,0.0,0,0,0,0,0,[]
913,379,1,0.26,1,0,0,0,0,"[{""trecho"": ""individuo"", ""msg"": ""Quando escrita sem acento, esta palavra é um verbo. Se pretende referir-se a um substantivo ou adjetivo, deve utilizar a forma acentuada.""}]"
922,353,0,0.0,0,0,0,0,0,[]
928,498,0,0.0,0,0,0,0,0,[]
930,378,2,0.53,0,1,0,0,1,"[{""trecho"": ""esta"", ""msg"": ""Possível confusão de termos.""}, {""trecho"": ""tende abusar"", ""msg"": ""Dependendo do significado, deve separar os verbos. “tende de abusar” se é uma obrigação, ou “tende que abusar” se é uma constatação.""}]"
932,418,0,0.0,0,0,0,0,0,[]
934,220,5,2.27,2,1,2,0,0,"[{""trecho"": ""odiossincrasias"", ""msg"": ""Encontrado possível erro de ortografia.""}, {""trecho"": ""reverberam pois"", ""msg"": ""Esta conjunção deve ser separada por vírgulas e só deve ser utilizada no início duma frase para efeitos de estilo.""}, {""trecho"": ""obtem"", ""msg"": ""Encontrado possível erro de ortografia.""}, {""trecho"": ""ações pois"", ""msg"": ""Esta conjunção deve ser separada por vírgulas e só deve ser utilizada no início duma frase para efeitos de estilo.""}, {""trecho"": ""os acesso"", ""msg"": ""Possível erro de concordância de número.""}]"
939,323,1,0.31,0,1,0,0,0,"[{""trecho"": ""destinada a"", ""msg"": ""Possível erro de crase.""}]"
941,154,1,0.65,1,0,0,0,0,"[{""trecho"": ""adultizar"", ""msg"": ""Encontrado possível erro de ortografia.""}]"
944,383,1,0.26,1,0,0,0,0,"[{""trecho"": ""Youtube"", ""msg"": ""Você quis dizer “YouTube”?""}]"
949,286,3,1.05,1,2,0,0,0,"[{""trecho"": ""nos computador"", ""msg"": ""Possível erro de concordância de número.""}, {""trecho"": ""conctadas"", ""msg"": ""Encontrado possível erro de ortografia.""}, {""trecho"": ""deixa-las"", ""msg"": ""Possível erro de acentuação.""}]"
954,122,3,2.46,0,1,1,0,1,"[{""trecho"": ""esta"", ""msg"": ""Possível confusão de termos.""}, {""trecho"": ""Entretanto a"", ""msg"": ""Esta conjugação deve ser separada por vírgulas.""}, {""trecho"": ""tal atos"", ""msg"": ""Possível erro de concordância de número.""}]"
961,284,2,0.7,1,1,0,0,0,"[{""trecho"": ""incondizentes"", ""msg"": ""Encontrado possível erro de ortografia.""}, {""trecho"": ""devido a"", ""msg"": ""Neste contexto utiliza-se a crase.""}]"
974,363,2,0.55,1,0,1,0,0,"[{""trecho"": ""pacietes"", ""msg"": ""Encontrado possível erro de ortografia.""}, {""trecho"": ""como por exemplo o"", ""msg"": ""Esta locução deve ser separada por vírgulas, e só deve ser utilizada no início duma frase para efeitos de estilo.""}]"
976,337,0,0.0,0,0,0,0,0,[]
977,418,1,0.24,0,1,0,0,0,"[{""trecho"": ""criou-se modelos"", ""msg"": ""Possível erro de concordância verbal.""}]"
984,264,1,0.38,0,1,0,0,0,"[{""trecho"": ""identifica-se"", ""msg"": ""Deve-se usar a próclise quando o verbo for precedido imediatamente por palavras de negação e determinados pronomes, conjunções e advérbios.""}]"
990,227,16,7.05,15,1,0,0,0,"[{""trecho"": ""fisica"", ""msg"": ""Encontrado possível erro de ortografia.""}, {""trecho"": ""á"", ""msg"": ""Verifique se não quis escrever “à” ou “a”.""}, {""trecho"": ""doenças mental"", ""msg"": ""Possível erro de concordância de número.""}, {""trecho"": ""violencia"", ""msg"": ""Encontrado possível erro de ortografia.""}, {""trecho"": ""infancia"", ""msg"": ""Encontrado possível erro de ortografia.""}, {""trecho"": ""fra"", ""msg"": ""Encontrado possível erro de ortografia.""}, {""trecho"": ""psiquicos"", ""msg"": ""Encontrado possível erro de ortografia.""}, {""trecho"": ""desencader"", ""msg"": ""Encontrado possível erro de ortografia.""}]"
991,259,0,0.0,0,0,0,0,0,[]
992,269,1,0.37,0,1,0,0,0,"[{""trecho"": ""são resultado"", ""msg"": ""O predicativo tem de concordar em número com o verbo de ligação.""}]"
995,262,2,0.76,1,0,1,0,0,"[{""trecho"": ""apresentam por exemplo transtornos"", ""msg"": ""Esta locução deve ser separada por vírgulas, e só deve ser utilizada no início duma frase para efeitos de estilo.""}, {""trecho"": ""á"", ""msg"": ""Verifique se não quis escrever “à” ou “a”.""}]"
996,167,1,0.6,0,1,0,0,0,"[{""trecho"": ""encontra-se"", ""msg"": ""Deve-se usar a próclise quando o verbo for precedido imediatamente por palavras de negação e determinados pronomes, conjunções e advérbios.""}]"
1000,494,7,1.42,5,2,0,0,0,"[{""trecho"": ""necidades"", ""msg"": ""Encontrado possível erro de ortografia.""}, {""trecho"": ""perspetiva"", ""msg"": ""Possível erro de ortografia: esta é a grafia utilizada no português europeu.""}, {""trecho"": ""o Covid-19"", ""msg"": ""Possível erro de concordância.""}, {""trecho"": ""irrelevado"", ""msg"": ""Encontrado possível erro de ortografia.""}, {""trecho"": ""proprio"", ""msg"": ""Encontrado possível erro de ortografia.""}, {""trecho"": ""trabalharadores"", ""msg"": ""Encontrado possível erro de ortografia.""}, {""trecho"": ""ao Covid-19"", ""msg"": ""Possível erro de concordância.""}]"
1004,246,2,0.81,2,0,0,0,0,"[{""trecho"": ""impariedade"", ""msg"": ""Encontrado possível erro de ortografia.""}, {""trecho"": ""dispariedade"", ""msg"": ""Encontrado possível erro de ortografia.""}]"
1006,425,2,0.47,0,1,1,0,0,"[{""trecho"": ""devido a"", ""msg"": ""Neste contexto utiliza-se a crase.""}, {""trecho"": ""como por exemplo"", ""msg"": ""Esta locução deve ser separada por vírgulas, e só deve ser utilizada no início duma frase para efeitos de estilo.""}]"
1012,200,2,1.0,2,0,0,0,0,"[{""trecho"": ""bullyings"", ""msg"": ""Encontrado possível erro de ortografia.""}, {""trecho"": ""publico"", ""msg"": ""Quando escrita sem acento, esta palavra é um verbo. Se pretende referir-se a um substantivo ou adjetivo, deve utilizar a forma acentuada.""}]"
1014,389,1,0.26,0,0,1,0,0,"[{""trecho"": ""dem"", ""msg"": ""Se é uma abreviatura, falta um ponto. Se for uma expressão, coloque entre aspas.""}]"
1024,278,5,1.8,0,1,3,1,0,"[{""trecho"": ""\"""", ""msg"": ""Símbolo sem par: “\""” aparentemente está ausente""}, {""trecho"": ""no entanto"", ""msg"": ""Esta locução deve ser separada por vírgulas.""}, {""trecho"": ""segunda Guerra Mundial"", ""msg"": ""Capitalize eventos ou épocas históricas.""}, {""trecho"": ""nº"", ""msg"": ""As abreviaturas para número são: “n.o” ou “núm.”""}, {""trecho"": ""eles tem"", ""msg"": ""Possível erro de concordância verbal.""}]"
1029,297,4,1.35,3,1,0,0,0,"[{""trecho"": ""heterocisnormatividade"", ""msg"": ""Encontrado possível erro de ortografia.""}, {""trecho"": ""á"", ""msg"": ""Verifique se não quis escrever “à” ou “a”.""}, {""trecho"": ""heterocisnormatividade"", ""msg"": ""Encontrado possível erro de ortografia.""}, {""trecho"": ""à centros"", ""msg"": ""Não se utiliza a crase antes de palavras masculinas.""}]"
1030,293,11,3.75,8,1,2,0,0,"[{""trecho"": ""mais na prática"", ""msg"": ""Esta locução deve ser separada por vírgulas, e só deve ser utilizada no início duma frase para efeitos de estilo.""}, {""trecho"": ""fizerma"", ""msg"": ""Encontrado possível erro de ortografia.""}, {""trecho"": ""universa"", ""msg"": ""Encontrado possível erro de ortografia.""}, {""trecho"": ""agressoes"", ""msg"": ""Encontrado possível erro de ortografia.""}, {""trecho"": ""fisica"", ""msg"": ""Encontrado possível erro de ortografia.""}, {""trecho"": ""invisìvel"", ""msg"": ""Encontrado possível erro de ortografia.""}, {""trecho"": ""principais instituto"", ""msg"": ""Possível erro de concordância de número.""}, {""trecho"": ""estatistica"", ""msg"": ""Encontrado possível erro de ortografia.""}]"
1031,130,4,3.08,2,1,1,0,0,"[{""trecho"": ""as redes sociais atinge"", ""msg"": ""Possível erro de concordância verbal.""}, {""trecho"": ""presisamemte"", ""msg"": ""Encontrado possível erro de ortografia.""}, {""trecho"": ""inteder"", ""msg"": ""Encontrado possível erro de ortografia.""}, {""trecho"": "".."", ""msg"": ""Dois pontos consecutivos""}]"
1040,149,2,1.34,2,0,0,0,0,"[{""trecho"": ""genero"", ""msg"": ""Encontrado possível erro de ortografia.""}, {""trecho"": ""rejeies"", ""msg"": ""Encontrado possível erro de ortografia.""}]"
1041,404,12,2.97,7,2,1,0,2,"[{""trecho"": ""Na serie"", ""msg"": ""Quando escrita sem acento, esta palavra é um verbo. Se pretende referir-se a um substantivo ou adjetivo, deve utilizar a forma acentuada.""}, {""trecho"": ""a historia"", ""msg"": ""Quando escrita sem acento, esta palavra é um verbo. Se pretende referir-se a um substantivo ou adjetivo, deve utilizar a forma acentuada.""}, {""trecho"": ""pelo o"", ""msg"": ""Possível fragmento.""}, {""trecho"": ""á"", ""msg"": ""Verifique se não quis escrever “à” ou “a”.""}, {""trecho"": ""seje"", ""msg"": ""Encontrado possível erro de ortografia.""}, {""trecho"": ""um dor"", ""msg"": ""Possível erro de concordância.""}, {""trecho"": ""á"", ""msg"": ""Verifique se não quis escrever “à” ou “a”.""}, {""trecho"": ""por exemplo"", ""msg"": ""Esta locução deve ser separada por vírgulas.""}]"
1045,384,0,0.0,0,0,0,0,0,[]
1048,407,2,0.49,2,0,0,0,0,"[{""trecho"": ""idéias"", ""msg"": ""Encontrado possível erro de ortografia.""}, {""trecho"": ""idéias"", ""msg"": ""Encontrado possível erro de ortografia.""}]"
1049,325,2,0.62,0,1,1,0,0,"[{""trecho"": ""risco pois"", ""msg"": ""Esta conjunção deve ser separada por vírgulas e só deve ser utilizada no início duma frase para efeitos de estilo.""}, {""trecho"": ""existe"", ""msg"": ""O verbo “existir” não é impessoal e, portanto, exige concordância com o seu sujeito.""}]"
1062,369,3,0.81,1,0,2,0,0,"[{""trecho"": ""frustando"", ""msg"": ""Encontrado possível erro de ortografia.""}, {""trecho"": ""além disso"", ""msg"": ""Esta locução deve ser separada por vírgulas.""}, {""trecho"": ""além disso"", ""msg"": ""Esta locução deve ser separada por vírgulas.""}]"
1063,286,2,0.7,1,0,0,0,1,"[{""trecho"": ""corroe"", ""msg"": ""Encontrado possível erro de ortografia.""}, {""trecho"": ""e"", ""msg"": ""Substitua por “é”.""}]"
1065,300,0,0.0,0,0,0,0,0,[]
1070,305,0,0.0,0,0,0,0,0,[]
1072,392,3,0.77,1,0,1,0,1,"[{""trecho"": ""ou incitar a discriminação ou"", ""msg"": ""Conjunções alternativas ou disjuntivas devem ser separadas por vírgulas.""}, {""trecho"": ""filosofo"", ""msg"": ""Quando escrita sem acento, esta palavra é um verbo. Se pretende referir-se a um substantivo ou adjetivo, deve utilizar a forma acentuada.""}, {""trecho"": ""pratica"", ""msg"": ""Quando escrita sem acento, esta palavra é um verbo. Se pretende referir-se a um substantivo ou adjetivo, deve utilizar a forma acentuada.""}]"
1080,357,0,0.0,0,0,0,0,0,[]
1081,362,0,0.0,0,0,0,0,0,[]
1082,393,4,1.02,1,0,1,1,1,"[{""trecho"": ""ou rejeição de pessoas nascidas ou"", ""msg"": ""Conjunções alternativas ou disjuntivas devem ser separadas por vírgulas.""}, {""trecho"": ""Oriental"", ""msg"": ""Os gentílicos e línguas são escritos em minúsculas.""}, {""trecho"": ""e"", ""msg"": ""Substitua por “é”.""}, {""trecho"": ""bemestar"", ""msg"": ""Encontrado possível erro de ortografia.""}]"
1090,259,5,1.93,3,1,1,0,0,"[{""trecho"": ""”"", ""msg"": ""Símbolo sem par: ““” aparentemente está ausente""}, {""trecho"": ""xing"", ""msg"": ""Encontrado possível erro de ortografia.""}, {""trecho"": ""ling"", ""msg"": ""Encontrado possível erro de ortografia.""}, {""trecho"": ""japinha"", ""msg"": ""Encontrado possível erro de ortografia.""}, {""trecho"": ""expandiu-se"", ""msg"": ""Deve-se usar a próclise quando o verbo for precedido imediatamente por palavras de negação e determinados pronomes, conjunções e advérbios.""}]"
1099,324,11,3.4,9,1,0,0,1,"[{""trecho"": ""trás"", ""msg"": ""Substitua por “traz”.""}, {""trecho"": ""inaceitação"", ""msg"": ""Encontrado possível erro de ortografia.""}, {""trecho"": ""corriga"", ""msg"": ""Encontrado possível erro de ortografia.""}, {""trecho"": ""internaltas"", ""msg"": ""Encontrado possível erro de ortografia.""}, {""trecho"": ""suícidio"", ""msg"": ""Encontrado possível erro de ortografia.""}, {""trecho"": ""á"", ""msg"": ""Verifique se não quis escrever “à” ou “a”.""}, {""trecho"": ""á"", ""msg"": ""Verifique se não quis escrever “à” ou “a”.""}, {""trecho"": ""orgão"", ""msg"": ""Encontrado possível erro de ortografia.""}]"
1100,368,4,1.09,0,2,2,0,0,"[{""trecho"": ""dos parto"", ""msg"": ""Possível erro de concordância de número.""}, {""trecho"": "" e etc."", ""msg"": ""‘etc.’ não deve ser precedido por ‘e’.""}, {""trecho"": ""Contudo caso"", ""msg"": ""Esta conjugação deve ser separada por vírgulas.""}, {""trecho"": ""um existência"", ""msg"": ""Possível erro de concordância.""}]"
1104,409,1,0.24,0,0,0,0,1,"[{""trecho"": ""tem"", ""msg"": ""Possível confusão de termos.""}]"
1105,156,1,0.64,0,1,0,0,0,"[{""trecho"": ""mulheres mais autonomia"", ""msg"": ""Possível erro de concordância de número.""}]"
1109,278,5,1.8,1,2,1,0,1,"[{""trecho"": ""ênfase na prática"", ""msg"": ""Esta locução deve ser separada por vírgulas, e só deve ser utilizada no início duma frase para efeitos de estilo.""}, {""trecho"": ""tenhao"", ""msg"": ""Encontrado possível erro de ortografia.""}, {""trecho"": ""e"", ""msg"": ""Substitua por “é”.""}, {""trecho"": ""exposto a"", ""msg"": ""Possível erro de crase.""}, {""trecho"": ""acarreta na"", ""msg"": ""Este verbo não se rege com a proposição “em”.""}]"
1118,379,4,1.06,0,4,0,0,0,"[{""trecho"": ""luz sozinhas"", ""msg"": ""Possível erro de concordância de número.""}, {""trecho"": ""abre-se espaços"", ""msg"": ""Possível erro de concordância verbal.""}, {""trecho"": ""seja mais rápidos"", ""msg"": ""O predicativo tem de concordar em número com o verbo de ligação.""}, {""trecho"": ""todas informações"", ""msg"": ""Se ‘informações’ é um substantivo, ‘todas’ no plural exige um segundo artigo.""}]"
1121,281,1,0.36,0,1,0,0,0,"[{""trecho"": ""transformaram-se"", ""msg"": ""Deve-se usar a próclise quando o verbo for precedido imediatamente por palavras de negação e determinados pronomes, conjunções e advérbios.""}]"
1122,304,1,0.33,0,0,1,0,0,"[{""trecho"": ""e além disso"", ""msg"": ""Esta locução deve ser separada por vírgulas, e só deve ser utilizada no início duma frase para efeitos de estilo.""}]"
1125,164,0,0.0,0,0,0,0,0,[]
1129,457,1,0.22,0,1,0,0,0,"[{""trecho"": ""as redes sociais tem"", ""msg"": ""Possível erro de concordância verbal.""}]"
1131,203,3,1.48,3,0,0,0,0,"[{""trecho"": ""ongs"", ""msg"": ""Encontrado possível erro de ortografia.""}, {""trecho"": ""instagram"", ""msg"": ""Você quis dizer “Instagram”?""}, {""trecho"": ""youtube"", ""msg"": ""Você quis dizer “YouTube”?""}]"
1134,340,0,0.0,0,0,0,0,0,[]
1142,334,6,1.8,0,0,2,0,4,"[{""trecho"": ""Entretanto sabemos"", ""msg"": ""Esta conjugação deve ser separada por vírgulas.""}, {""trecho"": ""um meio pacifico"", ""msg"": ""Quando escrita sem acento, esta palavra é um verbo. Se pretende referir-se a um substantivo ou adjetivo, deve utilizar a forma acentuada.""}, {""trecho"": ""mas na prática"", ""msg"": ""Esta locução deve ser separada por vírgulas, e só deve ser utilizada no início duma frase para efeitos de estilo.""}, {""trecho"": ""a policia"", ""msg"": ""Quando escrita sem acento, esta palavra é um verbo. Se pretende referir-se a um substantivo ou adjetivo, deve utilizar a forma acentuada.""}, {""trecho"": ""da policia"", ""msg"": ""Quando escrita sem acento, esta palavra é um verbo. Se pretende referir-se a um substantivo ou adjetivo, deve utilizar a forma acentuada.""}, {""trecho"": ""a policia"", ""msg"": ""Quando escrita sem acento, esta palavra é um verbo. Se pretende referir-se a um substantivo ou adjetivo, deve utilizar a forma acentuada.""}]"
1145,244,1,0.41,1,0,0,0,0,"[{""trecho"": ""conseqüências"", ""msg"": ""No mais recente acordo ortográfico, não se usa mais o trema no português.""}]"
1146,1,0,0.0,0,0,0,0,0,[]
1156,238,2,0.84,1,0,0,1,0,"[{""trecho"": ""escacez"", ""msg"": ""Encontrado possível erro de ortografia.""}, {""trecho"": ""Janeiro"", ""msg"": ""Segundo o Acordo Ortográfico de 90, os meses e as estações do ano deixam de ser capitalizados.""}]"
1157,175,1,0.57,0,0,1,0,0,"[{""trecho"": ""Como por exemplo"", ""msg"": ""Esta locução deve ser separada por vírgulas, e só deve ser utilizada no início duma frase para efeitos de estilo.""}]"
1164,169,4,2.37,1,1,0,1,1,"[{""trecho"": ""Alem"", ""msg"": ""‘Alem’ é uma forma do verbo ‘alar’. O advérbio escreve-se “além”.""}, {""trecho"": ""transito"", ""msg"": ""Quando escrita sem acento, esta palavra é um verbo. Se pretende referir-se a um substantivo ou adjetivo, deve utilizar a forma acentuada.""}, {""trecho"": "", Sem"", ""msg"": "", não encerra frases; portanto, se não for um nome próprio, a palavra seguinte deve ser iniciada com letra minúscula.""}, {""trecho"": ""o pensamentos"", ""msg"": ""Possível erro de concordância de número.""}]"
1167,248,8,3.23,1,3,0,0,4,"[{""trecho"": ""individuo"", ""msg"": ""Quando escrita sem acento, esta palavra é um verbo. Se pretende referir-se a um substantivo ou adjetivo, deve utilizar a forma acentuada.""}, {""trecho"": ""pratica"", ""msg"": ""Quando escrita sem acento, esta palavra é um verbo. Se pretende referir-se a um substantivo ou adjetivo, deve utilizar a forma acentuada.""}, {""trecho"": ""um numero"", ""msg"": ""Quando escrita sem acento, esta palavra é um verbo. Se pretende referir-se a um substantivo ou adjetivo, deve utilizar a forma acentuada.""}, {""trecho"": ""uma forte politica"", ""msg"": ""Quando escrita sem acento, esta palavra é um verbo. Se pretende referir-se a um substantivo ou adjetivo, deve utilizar a forma acentuada.""}, {""trecho"": ""sintam-se"", ""msg"": ""Deve-se usar a próclise quando o verbo for precedido imediatamente por palavras de negação e determinados pronomes, conjunções e advérbios.""}, {""trecho"": ""por em"", ""msg"": ""Duas preposições seguidas. Verifique.""}, {""trecho"": ""pratica"", ""msg"": ""Quando escrita sem acento, esta palavra é um verbo. Se pretende referir-se a um substantivo ou adjetivo, deve utilizar a forma acentuada.""}, {""trecho"": ""essas diretrizes é"", ""msg"": ""Possível erro de concordância verbal.""}]"
1177,124,0,0.0,0,0,0,0,0,[]
1180,262,4,1.53,0,4,0,0,0,"[{""trecho"": ""nas sua"", ""msg"": ""Possível erro de concordância de número.""}, {""trecho"": ""nós é"", ""msg"": ""Possível erro de concordância verbal.""}, {""trecho"": ""outro alunos"", ""msg"": ""Possível erro de concordância de número.""}, {""trecho"": ""nós aprofundar"", ""msg"": ""Possível erro de concordância verbal.""}]"
1187,197,2,1.02,1,0,1,0,0,"[{""trecho"": ""conseqüência"", ""msg"": ""No mais recente acordo ortográfico, não se usa mais o trema no português.""}, {""trecho"": ""contudo a"", ""msg"": ""Esta conjugação deve ser separada por vírgulas.""}]"
1197,183,1,0.55,0,0,1,0,0,"[{""trecho"": ""ou discriminação baseado na religião ou"", ""msg"": ""Conjunções alternativas ou disjuntivas devem ser separadas por vírgulas.""}]"
1201,178,4,2.25,1,0,2,0,1,"[{""trecho"": ""\"""", ""msg"": ""Símbolo sem par: “\""” aparentemente está ausente""}, {""trecho"": ""”"", ""msg"": ""Símbolo sem par: ““” aparentemente está ausente""}, {""trecho"": ""restristas"", ""msg"": ""Encontrado possível erro de ortografia.""}, {""trecho"": ""esta"", ""msg"": ""Possível confusão de termos.""}]"
1207,212,2,0.94,0,0,2,0,0,"[{""trecho"": ""ou ação de ódio ou"", ""msg"": ""Conjunções alternativas ou disjuntivas devem ser separadas por vírgulas.""}, {""trecho"": ""no entanto"", ""msg"": ""Esta locução deve ser separada por vírgulas.""}]"
1228,212,2,0.94,0,0,2,0,0,"[{""trecho"": ""Contudo união"", ""msg"": ""Esta conjugação deve ser separada por vírgulas.""}, {""trecho"": ""longo porém"", ""msg"": ""Esta conjunção deve ser separada por vírgulas e só deve ser utilizada no início duma frase para efeitos de estilo.""}]"
