calibrador,tipo,qwk,mae,rmse,pearson,spearman,acc_adjacente,vies
bruto,out-of-fold,0.6288841152023261,104.22145328719724,142.56183020895162,0.6315302345014348,0.6449530993478705,0.3875432525951557,-12.318339100346021
bruto,oraculo,0.6288841152023261,104.22145328719724,142.56183020895162,0.6315302345014348,0.6449530993478705,0.3875432525951557,-12.318339100346021
vies,out-of-fold,0.6123125525731524,106.37530764060766,143.22092401677247,0.6241497481112924,0.6319856049453056,0.36678200692041524,-1.070149897983614
vies,oraculo,0.6288841152023261,105.67066965194383,142.0147843587373,0.6314137561016796,0.6449530993478705,0.3875432525951557,-0.04262401072779621
afim,out-of-fold,0.5555995143055866,100.42000495041115,133.86396582857873,0.6142795469093603,0.6304598839425114,0.3771626297577855,-1.3458235182784204
afim,oraculo,0.5646584710536964,98.2520438340421,131.49584441309975,0.6315302345014346,0.6449530993478705,0.4013840830449827,-6.042317741882429e-13
hist,out-of-fold,0.6155372584945358,113.35640138408304,151.1570140832849,0.6189796778864066,0.6341471628752676,0.3391003460207612,17.577854671280278
hist,oraculo,0.6153337385090083,109.48096885813149,149.64779874030913,0.6203699660235591,0.6412453219188656,0.35986159169550175,21.730103806228374
isotonica,out-of-fold,0.5102866364047971,105.28193898593142,139.17619671116768,0.5761852907262648,0.5795294125519898,0.370242214532872,0.5244965537104127
isotonica,oraculo,0.5895432005242343,97.06186329503191,129.36892540224903,0.6466225728680218,0.6489146230004766,0.4083044982698962,-1.2588161962255062e-14
